zhuanrangfei,rental_price,pay_method,jianzhumianji,shiyongmianji,shengyuzuqi,zhuanrangfangshi,floor,zhuangxiu,building_type,shifoufenge,shihejingying,loupanmingcheng,loupandizhi,miankuan,jinshen,cenggao,elvator_number,service_price,function_list,release_date,url
6万元,5000元/月,押一付二,38㎡,,2个月,,第1层(共1层),"精装修
                                ",临街门面 ,否,百货超市，服饰鞋包，生活服务，美容美发，餐饮美食，休闲娱乐,"
                                    望岛花艺 ","
                                    四川省成都市武侯区二环路西1段-90号-附5号 ",3.50米,6.00米,5.50米,,租金已包含,"暖气,中央空调,下水,排污,外摆区",2019/8/4 13:20:41,https://cd.shop.fang.com/zu/1_52957904.html
,8000元/月,季付,320㎡,,,,第2层(共3层),"精装修
                                ",临街门面 ,否,休闲娱乐，美容美发，生活服务，百货超市,"
                                    盐市口 ","
                                    龙湖金楠天街 ",,,,,,"网络,暖气,停车位,客梯,货梯",2019/8/27 15:06:05,https://cd.shop.fang.com/zu/1_52961200.html
,17000元/月,半年付,100㎡,,,,第1层(共1层),简装修,商业街商铺,否,"百货超市,酒店宾馆,家居建材,服饰鞋包,生活服务,美容美发,餐饮美食,休闲娱乐",首创光和城,首创光和城,20.00米,40.00米,5.10米,,租金已包含,"网络,暖气,停车位,客梯,货梯,扶梯,中央空调,上水,下水,可明火,排烟,排污,燃气,外摆区",2019/6/15 18:13:59,https://cd.shop.fang.com/zu/3_207938226.html
,56000元/月,面议,800㎡,700㎡,,,第2层(共3层),简装修,临街门面,否,"百货超市,酒店宾馆,家居建材,服饰鞋包,生活服务,美容美发,餐饮美食,休闲娱乐",教育培训 教育城 文化培训,锦江区，青羊区，武侯区，成华区，金牛区 郫都区，新,40.00米,20.00米,4.50米,,5.00元/㎡·月,"网络,暖气,停车位,客梯,货梯,扶梯,中央空调,上水,下水,可明火,排烟,排污,燃气",2019/6/23 10:21:20,https://cd.shop.fang.com/zu/3_208016008.html
,10000元/月,租金已包含,暂无,,,,精装修,其他,否,EGO潮流广场,,客梯0个，货梯0个,5.00米,4.00米,3.00米,EGO潮流广场,16649.99㎡,24㎡,,2019/8/2 22:48:20,https://cd.shop.fang.com/zu/3_208453615.html
,2888元/月,押一付三,37㎡,,,,第2层(共2层),"毛坯
                                ",住宅底商 ,否,百货超市，家居建材，生活服务，美容美发，餐饮美食，休闲娱乐,"
                                    中交悦湖 ","
                                    四川省成都市双流县创意南路 ",3.45米,8.80米,5.00米,,5元/月,,2019/9/8 14:34:44,https://cd.shop.fang.com/zu/1_52963143.html
,20661元/月,面议,248.93㎡,248㎡,,,第1层(共3层),简装修,住宅底商,否,"百货超市,酒店宾馆,家居建材,服饰鞋包,生活服务,美容美发,餐饮美食,休闲娱乐",滨河春天,郫都区 新都区 成华区 高新区 天府新区 金牛区 青羊区,23.00米,12.00米,4.50米,,租金已包含,"网络,暖气,停车位,客梯,货梯,扶梯,中央空调,上水,下水,可明火,排烟,排污,燃气,外摆区",2019/9/8 10:01:19,https://cd.shop.fang.com/zu/3_208878624.html
,130元/月,年付,242.89㎡,,,,第1层(共35层),毛坯,住宅底商,是,,光华大道洲际春天广场 亚洲湾 地铁口商铺 住宅底商,温泉大道二段177号,8.90米,20.00米,6.00米,,4.50元/㎡·月,"上水,下水,排污,外摆区",2019/7/21 11:25:05,https://cd.shop.fang.com/zu/3_208306094.html
,70500元/月,押一付三,0.00㎡,,,,第1层(共1层),毛坯,住宅底商,否,百货超市,蓝润ISC商铺,天府大道与华府大道交汇处（地铁一号线华府大道站）,22.00米,10.00米,5.50米,客梯0个，货梯0个,,"网络,暖气,停车位,客梯,货梯,扶梯,中央空调,上水,下水,可明火,排烟,排污,燃气,外摆区",2019/7/14 10:54:36,https://cd.shop.fang.com/zu/3_208227696.html
,14542元/月,半年付,111.86㎡,106.49㎡,,,第1层(共2层),毛坯,住宅底商,是,"百货超市,酒店宾馆,家居建材,服饰鞋包,生活服务,美容美发,餐饮美食,休闲娱乐,其他",洲际春天广场,温泉大道二段177号,5.00米,15.00米,6.00米,,4.50元/㎡·月,"停车位,上水,下水,排烟,排污,外摆区",2019/7/21 16:15:25,https://cd.shop.fang.com/zu/3_208309952.html
,80000元/月,押一付三,146㎡,140㎡,,,第1层(共1层),,商业街商铺,否,,武侯祠大街,武侯祠大街,6.00米,15.00米,6.00米,,租金已包含,,2019/8/29 20:06:29,https://cd.shop.fang.com/zu/3_208761863.html
,5元/月,半年付,138.11㎡,,,,第1层(共32层),毛坯,住宅底商,否,"百货超市,家居建材,服饰鞋包,生活服务,美容美发,餐饮美食,休闲娱乐,其他",光华大道洲际春天广场 亚洲湾 地铁口商铺 住宅底商,温泉大道二段177号,6.00米,18.00米,6.00米,,4.50元/㎡·月,"上水,下水,排污,外摆区",2019/7/21 16:40:03,https://cd.shop.fang.com/zu/3_208310412.html
,100元/月,半年付,134.17㎡,,,,第1层(共33层),毛坯,住宅底商,否,"百货超市,酒店宾馆,家居建材,服饰鞋包,生活服务,美容美发,餐饮美食,休闲娱乐,其他",温江光华大道新城中心地铁现铺，无中介费!,温泉大道二段177号,6.50米,20.00米,6.00米,,4.50元/㎡·月,"上水,下水,排污,外摆区",2019/7/21 16:09:00,https://cd.shop.fang.com/zu/3_208309917.html
,15000元/月,租金已包含,暂无,,,,精装修,其他,否,银石广场商铺,,客梯30个，货梯0个,4.00米,5.00米,6.00米,银石广场商铺,100000.00㎡,25㎡,,2019/9/2 23:54:58,https://cd.shop.fang.com/zu/3_208808266.html
,90元/月,租金已包含,暂无,,,,毛坯,其他,否,春熙village,,客梯7个，货梯2个,50.00米,40.00米,6.50米,春熙village,40000.00㎡,2000㎡,,2019/9/2 23:48:53,https://cd.shop.fang.com/zu/3_208808245.html
,10000元/月,押一付三,100000.00㎡,20㎡,,,第1层(共11层),精装修,商业街商铺,否,"百货超市,家居建材,服饰鞋包,生活服务,美容美发,餐饮美食,休闲娱乐",银石广场商铺,红星路三段99号,4.00米,6.00米,5.00米,客梯30个，货梯0个,5.00元/㎡·月,"网络,暖气,停车位,客梯,货梯,扶梯,中央空调,上水,下水,可明火,排烟,排污,燃气,外摆区",2019/9/7 10:43:13,https://cd.shop.fang.com/zu/3_208865479.html
,12000元/月,押三付一,40000.00㎡,14㎡,,,第-1层(共6层),简装修,商业街商铺,否,餐饮美食,春熙village,东大街上东大街段111号,3.00米,3.30米,4.80米,客梯7个，货梯2个,租金已包含,"网络,暖气,停车位,客梯,货梯,扶梯,中央空调,上水,下水,排烟,排污,外摆区",2019/8/22 11:53:04,https://cd.shop.fang.com/zu/3_208673361.html
,70元/月,半年付,10000.00㎡,,,,第2层(共2层),简装修,商业街商铺,是,教育培训,交大路42号,交大路42号,30.00米,45.00米,6.00米,客梯0个，货梯0个,租金已包含,"网络,暖气,停车位,客梯,货梯,扶梯,中央空调,上水,下水,排烟,排污,燃气",2019/6/18 17:13:31,https://cd.shop.fang.com/zu/3_207965811.html
,401200元/月,押一付三,5900㎡,5200㎡,,,第1层(共7层),,商业街商铺,否,,顺城大街,正府街,30.00米,20.00米,4.00米,,1.00元/㎡·月,,2019/7/1 23:18:35,https://cd.shop.fang.com/zu/3_206933229.html
,20000元/月,年付,7320.00㎡,,,,第2层(共6层),精装修,商业街商铺,是,服饰鞋包,蓝光金荷花,北站东一路18号,3.00米,3.00米,4.00米,客梯1个，货梯1个,1.80元/㎡·月,"网络,暖气,停车位,客梯,货梯,扶梯,中央空调,外摆区",2019/6/21 10:57:52,https://cd.shop.fang.com/zu/3_207994279.html
,368000元/月,押一付三,98594.00㎡,4500㎡,,,第1层(共25层),精装修,购物中心/百货,否,"百货超市,家居建材,服饰鞋包,生活服务,美容美发,餐饮美食,休闲娱乐",九龙广场,成都市青年路8号,50.00米,90.00米,5.00米,客梯8个，货梯4个,10.00元/㎡·月,"网络,暖气,停车位,客梯,货梯,扶梯,中央空调,上水,下水,可明火,排烟,排污,燃气,外摆区",2019/8/25 10:09:48,https://cd.shop.fang.com/zu/3_208709040.html
,80元/月,半年付,248㎡,,,,第1层(共2层),毛坯,住宅底商,否,"百货超市,酒店宾馆,家居建材,服饰鞋包,生活服务,美容美发,餐饮美食,休闲娱乐",高新西区,滨河春天,30.00米,10.00米,5.00米,,租金已包含,"网络,暖气,停车位,客梯,货梯,扶梯,中央空调,上水,下水,可明火,排烟,排污,燃气,外摆区",2019/9/4 11:31:27,https://cd.shop.fang.com/zu/3_208823631.html
8万元,32000元/月,半年付,200㎡,199㎡,60个月,带设备转让,第1层(共1层),简装修,商业街商铺,否,,洪山北路,洪山北路,10.00米,20.00米,6.00米,,租金已包含,,2019/8/26 21:28:46,https://cd.shop.fang.com/zu/3_208726661.html
,19350元/月,押二付三,215㎡,190㎡,,,第21层(共26层),精装修,住宅底商,是,"百货超市,酒店宾馆,服饰鞋包,生活服务,美容美发,餐饮美食,休闲娱乐",盐市口 阳光金融大厦,东大街 春熙路 天府广场 一环路 交通路7号,10.00米,19.00米,4.20米,,21.00元/㎡·月,"网络,暖气,停车位,客梯,货梯,扶梯,中央空调,上水",2019/9/11 9:23:59,https://cd.shop.fang.com/zu/3_208912268.html
,11000元/月,租金已包含,暂无,,,,精装修,其他,否,EGO潮流广场,,客梯0个，货梯0个,4.00米,5.00米,5.00米,EGO潮流广场,16649.99㎡,24㎡,,2019/9/2 23:34:38,https://cd.shop.fang.com/zu/3_208808206.html
,85000元/月,押一付三,800㎡,780㎡,,,第1层(共1层),,住宅底商,否,"餐饮美食,休闲娱乐",丽都路,丽都路,12.00米,20.00米,5.00米,,2.00元/㎡·月,,2019/7/5 8:02:08,https://cd.shop.fang.com/zu/3_208132608.html
,10000元/月,租金已包含,暂无,,,,精装修,其他,否,银石广场商铺,,客梯30个，货梯0个,6.00米,3.00米,5.00米,银石广场商铺,100000.00㎡,22㎡,,2019/8/2 22:54:10,https://cd.shop.fang.com/zu/3_208453668.html
,13000元/月,年付,7320.00㎡,,,,第1层(共6层),精装修,商业街商铺,是,服饰鞋包,蓝光金荷花,北站东一路18号,4.00米,4.00米,4.00米,客梯1个，货梯1个,1.80元/㎡·月,"网络,暖气,停车位,客梯,货梯,扶梯,中央空调,外摆区",2019/7/10 16:44:55,https://cd.shop.fang.com/zu/3_208186774.html
,70元/月,半年付,570.84㎡,454.44㎡,,,第2层(共3层),毛坯,临街门面,是,"百货超市,酒店宾馆,家居建材,服饰鞋包,生活服务,美容美发,餐饮美食,休闲娱乐,其他",洲际春天广场,温泉大道二段177号,16.00米,20.00米,4.20米,,4.50元/㎡·月,"停车位,客梯,货梯,上水,下水,排烟,排污",2019/7/20 17:31:38,https://cd.shop.fang.com/zu/3_208299817.html
,752元/月,押一付三,40000.00㎡,,,,第1层(共15层),精装修,商业街商铺,是,,春熙village,东大街上东大街段111号,10.00米,4.00米,6.00米,客梯7个，货梯2个,23.00元/㎡·月,,2019/8/9 11:37:20,https://cd.shop.fang.com/zu/3_208525231.html
,10000元/月,租金已包含,暂无,,,,精装修,其他,否,EGO潮流广场,,客梯0个，货梯0个,5.00米,4.00米,3.00米,EGO潮流广场,16649.99㎡,24㎡,,2019/9/2 23:27:01,https://cd.shop.fang.com/zu/3_208808177.html
,85元/月,半年付,0.00㎡,,,,第3层(共3层),简装修,商业街商铺,是,"百货超市,酒店宾馆,家居建材,服饰鞋包,生活服务,美容美发,餐饮美食,休闲娱乐",泛悦城市广场商铺,2.5环昭觉寺南路（昭觉寺横路段）,35.00米,30.00米,6.00米,客梯0个，货梯0个,租金已包含,"网络,暖气,停车位,客梯,货梯,扶梯,中央空调,上水,下水,可明火,排烟,排污,燃气,外摆区",2019/6/15 17:27:32,https://cd.shop.fang.com/zu/3_207937465.html
,15000元/月,租金已包含,1999-01-01,,,,精装修,其他,否,九龙广场,,客梯8个，货梯4个,5.00米,6.00米,6.00米,九龙广场,98594.00㎡,35㎡,,2019/9/2 23:23:09,https://cd.shop.fang.com/zu/3_208808161.html
,10000元/月,面议,91407.21㎡,,,,第1层(共5层),简装修,商业街商铺,是,"服饰鞋包,美容美发,休闲娱乐",金科双楠站,二环路西一段84号,3.00米,7.00米,4.50米,客梯3个，货梯1个,7.00元/㎡·月,"网络,暖气,停车位,客梯,货梯,扶梯,中央空调,上水,下水,可明火,排烟,排污,燃气,外摆区",2019/7/11 10:38:26,https://cd.shop.fang.com/zu/3_208192281.html
,70000元/月,面议,1400㎡,1000㎡,,,第1层(共2层),简装修,商业街商铺,否,"百货超市,生活服务,美容美发,餐饮美食,休闲娱乐",郭家桥北街16号,郭家桥北街16号,26.00米,31.00米,4.20米,,2.00元/㎡·月,"网络,停车位,客梯,货梯,中央空调,上水,下水,可明火,排烟,排污,燃气",2019/8/20 17:49:16,https://cd.shop.fang.com/zu/3_208655607.html
,130元/月,年付,180.63㎡,,,,第1层(共32层),毛坯,住宅底商,否,"百货超市,酒店宾馆,家居建材,服饰鞋包,生活服务,美容美发,餐饮美食,休闲娱乐,其他",光华大道洲际春天广场 亚洲湾 地铁口商铺 住宅底商,温泉大道二段177号,6.10米,17.00米,6.00米,,4.50元/㎡·月,"上水,下水,排污,外摆区",2019/7/21 14:56:45,https://cd.shop.fang.com/zu/3_208308719.html
,11000元/月,半年付,16649.99㎡,24㎡,,,第1层(共1层),精装修,商业街商铺,否,时尚潮流,EGO潮流广场,春熙路上东大街133号,4.00米,5.00米,5.00米,客梯0个，货梯0个,租金已包含,"网络,暖气,停车位,客梯,货梯,扶梯,中央空调",2019/8/2 10:32:34,https://cd.shop.fang.com/zu/3_208440716.html
,56000元/月,面议,200㎡,,,,第1层(共1层),毛坯,临街门面,否,"百货超市,家居建材,服饰鞋包,生活服务,美容美发,餐饮美食,休闲娱乐",和雅嘉御,和雅嘉御,10.00米,16.00米,6.00米,,5.00元/㎡·月,"网络,停车位,客梯,货梯,中央空调,上水,下水,排烟,排污,燃气",2019/8/13 10:22:10,https://cd.shop.fang.com/zu/3_208569458.html
,15000元/月,租金已包含,暂无,,,,精装修,其他,否,EGO潮流广场,,客梯0个，货梯0个,3.00米,5.00米,5.00米,EGO潮流广场,16649.99㎡,20㎡,,2019/8/2 22:42:58,https://cd.shop.fang.com/zu/3_208453567.html
,17400元/月,押三付三,100000.00㎡,,,,第1层(共3层),简装修,住宅底商,否,生活服务,华润熙悦广场,荆竹中路（动物园北侧）,6.00米,12.00米,5.00米,客梯2个，货梯0个,9.00元/㎡·月,"网络,暖气,停车位,客梯,货梯,扶梯,中央空调,上水,下水,可明火,排烟,排污,燃气,外摆区",2019/7/3 10:05:42,https://cd.shop.fang.com/zu/3_208113112.html
,10080元/月,半年付,126㎡,,,,第1层(共1层),精装修,住宅底商,是,"百货超市,酒店宾馆,家居建材,服饰鞋包,生活服务,美容美发,餐饮美食,休闲娱乐",拒绝假房源 6个月免租期 带外摆 全业态铺,龙泉驿 成华区 金牛区 武侯区 锦江区 青羊区均有,5.00米,12.00米,4.50米,,5.00元/㎡·月,"网络,暖气,停车位,客梯,货梯,扶梯,中央空调,上水,下水,可明火,排烟,排污,燃气,外摆区",2019/9/10 10:51:53,https://cd.shop.fang.com/zu/3_208902557.html
,320元/月,押一付三,93㎡,,,,第1层(共1层),简装修,商业街商铺,否,百货超市,武侯区,武侯区,10.00米,9.00米,6.00米,,,"网络,暖气,停车位,客梯,货梯,扶梯",2019/9/7 17:15:53,https://cd.shop.fang.com/zu/3_208873014.html
,20000元/月,租金已包含,1999-01-01,,,,毛坯,其他,否,九龙广场,,客梯8个，货梯4个,8.00米,8.00米,5.00米,九龙广场,98594.00㎡,60㎡,,2019/9/2 23:52:41,https://cd.shop.fang.com/zu/3_208808258.html
,35000元/月,租金已包含,1999-01-01,,,,精装修,其他,否,九龙广场,,客梯8个，货梯4个,5.00米,10.00米,4.00米,九龙广场,98594.00㎡,50㎡,,2019/9/2 23:25:54,https://cd.shop.fang.com/zu/3_208808174.html
,425000元/月,面议,5000㎡,3800㎡,,,第3层(共5层),简装修,临街门面,是,"百货超市,酒店宾馆,家居建材,服饰鞋包,生活服务,美容美发,餐饮美食,休闲娱乐",吉祥大厦,长富花园,90.00米,42.20米,4.50米,,15.00元/㎡·月,"网络,暖气,停车位,客梯,货梯,扶梯,中央空调,上水,下水,可明火,排烟,排污,燃气,外摆区",2019/9/4 14:40:22,https://cd.shop.fang.com/zu/3_208826526.html
,159360元/月,押二付三,3200㎡,,,,第1层(共2层),简装修,临街门面,是,"百货超市,酒店宾馆,家居建材,生活服务,餐饮美食,休闲娱乐",迎宾大道,御尚融合,50.00米,30.00米,4.50米,,5.00元/㎡·月,"网络,停车位,扶梯,上水,下水,可明火,排烟,排污,燃气,外摆区",2019/9/4 10:23:23,https://cd.shop.fang.com/zu/3_208821799.html
,16000元/月,租金已包含,暂无,,,,精装修,其他,否,银石广场商铺,,客梯30个，货梯0个,7.00米,3.00米,5.00米,银石广场商铺,100000.00㎡,24㎡,,2019/8/2 22:52:20,https://cd.shop.fang.com/zu/3_208453648.html
,10000元/月,租金已包含,暂无,,,,精装修,其他,否,银石广场商铺,,客梯30个，货梯0个,4.00米,4.00米,5.00米,银石广场商铺,100000.00㎡,20㎡,,2019/9/2 23:37:06,https://cd.shop.fang.com/zu/3_208808213.html
,100元/月,押一付三,1760000.00㎡,,,,第2层(共4层),简装修,写字楼配套底商,是,,环球中心商铺,成都高新区天府大道北段1700号,10.00米,22.00米,7.00米,客梯4个，货梯1个,25.00元/㎡·月,,2019/8/16 11:16:39,https://cd.shop.fang.com/zu/3_208606449.html
,50000元/月,租金已包含,1999-01-01,,,,精装修,其他,否,九龙广场,,客梯8个，货梯4个,1.00米,1.00米,1.00米,九龙广场,98594.00㎡,130㎡,,2019/9/2 23:31:41,https://cd.shop.fang.com/zu/3_208808196.html
,4000000元/月,半年付,100000.00㎡,19900㎡,,,第1层(共5层),毛坯,商业街商铺,是,,银石广场商铺,红星路三段99号,100.00米,100.00米,8.00米,客梯30个，货梯0个,30.00元/㎡·月,"网络,暖气,停车位,客梯,货梯,扶梯,中央空调,上水,下水,排污,外摆区",2019/9/4 10:43:55,https://cd.shop.fang.com/zu/3_208822385.html
,216000元/月,押一付三,4800㎡,4500㎡,,,第1层(共4层),精装修,商业街商铺,否,酒店宾馆,蜀郡,益州大道,30.00米,20.00米,5.00米,,2.00元/㎡·月,,2019/7/1 23:18:34,https://cd.shop.fang.com/zu/3_206946265.html
,975000元/月,押一付三,13000㎡,11400㎡,,,第1层(共5层),精装修,临街门面,是,不限业态,云龙酒店,云龙酒店,100.00米,100.00米,6.00米,,租金已包含,"网络,暖气,停车位,客梯,货梯,扶梯,中央空调,上水,下水,可明火,排烟,排污,燃气,外摆区",2019/8/4 10:42:51,https://cd.shop.fang.com/zu/3_208469949.html
,22000元/月,押一付三,46802.17㎡,,,,第1层(共3层),毛坯,商业街商铺,是,"百货超市,酒店宾馆,家居建材,服饰鞋包,生活服务,餐饮美食,休闲娱乐",天府长城南熙里Ⅱ期,天府长城天顺路东侧,6.00米,16.00米,4.80米,客梯10个，货梯0个,6.50元/㎡·月,"网络,暖气,停车位,客梯,货梯,扶梯,中央空调,上水,下水,可明火,排烟,排污,燃气,外摆区",2019/8/23 18:45:32,https://cd.shop.fang.com/zu/3_208693239.html
,232050元/月,押一付三,46802.17㎡,2700㎡,,,第1层(共3层),精装修,住宅底商,否,"生活服务,美容美发,休闲娱乐",天府长城南熙里Ⅱ期,天府长城天顺路东侧,18.00米,20.00米,5.00米,客梯10个，货梯0个,1.00元/㎡·月,,2019/7/1 23:18:16,https://cd.shop.fang.com/zu/3_206950564.html
,40000元/月,租金已包含,1999-01-01,,,,精装修,其他,否,九龙广场,,客梯8个，货梯4个,1.00米,1.00米,1.00米,九龙广场,98594.00㎡,145㎡,,2019/8/2 22:41:28,https://cd.shop.fang.com/zu/3_208453554.html
,30000元/月,年付,7320.00㎡,,,,第2层(共6层),精装修,商业街商铺,是,服饰鞋包,蓝光金荷花,北站东一路18号,4.00米,3.00米,4.00米,客梯1个，货梯1个,1.80元/㎡·月,"网络,暖气,停车位,客梯,货梯,扶梯,中央空调,外摆区",2019/7/24 15:42:03,https://cd.shop.fang.com/zu/3_208341001.html
,17000元/月,押一付三,100000.00㎡,20㎡,,,第1层(共1层),精装修,商业街商铺,否,精美饰品,银石广场商铺,红星路三段99号,5.00米,4.00米,5.00米,客梯30个，货梯0个,租金已包含,"网络,暖气,停车位,客梯,货梯,扶梯,中央空调,上水,下水,排烟,排污,外摆区",2019/8/14 10:20:26,https://cd.shop.fang.com/zu/3_208580300.html
,10000元/月,押一付三,16649.99㎡,20㎡,,,第1层(共7层),精装修,商业街商铺,否,"百货超市,服饰鞋包,生活服务,美容美发,餐饮美食,休闲娱乐",EGO潮流广场,春熙路上东大街133号,4.00米,5.00米,5.00米,客梯0个，货梯0个,5.00元/㎡·月,"网络,暖气,停车位,客梯,货梯,扶梯,中央空调,上水,下水,可明火,排烟,排污,燃气",2019/8/18 11:53:35,https://cd.shop.fang.com/zu/3_208632946.html
,15000元/月,租金已包含,1999-01-01,,,,精装修,其他,否,九龙广场,,客梯8个，货梯4个,1.00米,1.00米,1.00米,九龙广场,98594.00㎡,45㎡,,2019/8/2 22:54:42,https://cd.shop.fang.com/zu/3_208453671.html
,3000元/月,半年付,37㎡,35㎡,,,第5层(共14层),,写字楼配套底商,否,,万科金库,万科路,3.00米,10.00米,6.00米,,2.80元/㎡·月,,2019/8/5 10:08:51,https://cd.shop.fang.com/zu/3_208479931.html
,41690元/月,半年付,694.84㎡,588.21㎡,,,第3层(共3层),毛坯,临街门面,是,"百货超市,酒店宾馆,家居建材,服饰鞋包,生活服务,美容美发,餐饮美食,休闲娱乐,其他",洲际春天广场 亚洲湾 地铁铺,温泉大道二段177号,30.00米,17.00米,4.20米,,4.50元/㎡·月,"停车位,客梯,中央空调,上水,下水,排烟,排污",2019/7/21 11:07:02,https://cd.shop.fang.com/zu/3_208305716.html
,120000元/月,押一付三,0.00㎡,,,,第-3层(共20层),简装修,商业街商铺,是,,时代锦绣商铺,武侯大道文昌段与新机场路的交汇处（中天物流园旁）,15.00米,5.00米,6.00米,客梯0个，货梯0个,2.50元/㎡·月,,2019/8/9 11:22:06,https://cd.shop.fang.com/zu/3_208524939.html
,20000元/月,租金已包含,1999-01-01,,,,毛坯,其他,否,九龙广场,,客梯8个，货梯4个,8.00米,8.00米,5.00米,九龙广场,98594.00㎡,60㎡,,2019/8/2 22:46:19,https://cd.shop.fang.com/zu/3_208453596.html
,240元/月,押一付三,330000.00㎡,,,,第1层(共4层),毛坯,商业街商铺,是,"百货超市,服饰鞋包",北京街,华阳府河路与南湖路交汇处,4.50米,10.00米,6.00米,客梯3个，货梯10个,10.00元/㎡·月,"客梯,货梯,上水,下水",2019/7/14 16:44:31,https://cd.shop.fang.com/zu/3_208232070.html
,165000元/月,半年付,3300㎡,,,,第4层(共6层),毛坯,住宅底商,否,"百货超市,酒店宾馆,家居建材,服饰鞋包,生活服务,美容美发,餐饮美食,休闲娱乐",汇力金沙广场,青羊区清波路,99.00米,30.00米,4.80米,,5.00元/㎡·月,"网络,暖气,停车位,客梯,货梯,中央空调,上水,下水,可明火,排烟,排污,燃气,外摆区",2019/8/24 18:51:32,https://cd.shop.fang.com/zu/3_208705138.html
,99元/月,租金已包含,暂无,,,,毛坯,其他,否,春熙village,,客梯7个，货梯2个,8.00米,4.00米,6.00米,春熙village,40000.00㎡,94㎡,,2019/9/2 23:51:45,https://cd.shop.fang.com/zu/3_208808256.html
8.5万元,5000元/月,押一付三,20㎡,,4个月,带设备转让,第1层(共1层),,住宅底商,否,,潜水半岛,浅水半岛,3.00米,5.00米,4.50米,,2.00元/㎡·月,,2019/9/3 13:12:59,https://cd.shop.fang.com/zu/3_208812951.html
,16000元/月,半年付,200㎡,180㎡,,,第1层(共1层),毛坯,临街门面,是,"百货超市,酒店宾馆,家居建材,服饰鞋包,生活服务,美容美发,餐饮美食,休闲娱乐",犀浦郫县百草路蜀都万达,高新西区,18.00米,10.00米,4.50米,,5.00元/㎡·月,"网络,暖气,停车位,客梯,货梯,扶梯,中央空调,上水,下水,可明火,排烟,排污,燃气,外摆区",2019/9/1 15:32:36,https://cd.shop.fang.com/zu/3_208794531.html
,78376元/月,半年付,979.7㎡,,,,第2层(共3层),精装修,临街门面,是,"百货超市,酒店宾馆,家居建材,服饰鞋包,生活服务,美容美发,餐饮美食,休闲娱乐",绿地468,锦江，武侯，成华，青羊，金牛，温江，双流，新都,50.00米,20.00米,5.00米,,5.00元/㎡·月,"网络,暖气,停车位,客梯,货梯,扶梯,中央空调,上水,下水,可明火,排烟,排污,燃气,外摆区",2019/6/16 17:33:40,https://cd.shop.fang.com/zu/3_207948866.html
,110元/月,半年付,0.00㎡,,,,第2层(共2层),简装修,商业街商铺,否,"百货超市,酒店宾馆,家居建材,服饰鞋包,生活服务,美容美发,餐饮美食,休闲娱乐",泛悦城市广场商铺,2.5环昭觉寺南路（昭觉寺横路段）,15.00米,10.00米,6.00米,客梯0个，货梯0个,租金已包含,"网络,暖气,停车位,客梯,货梯,扶梯,中央空调,上水,下水,可明火,排烟,排污,燃气,外摆区",2019/6/18 18:02:15,https://cd.shop.fang.com/zu/3_207966420.html
,256000元/月,半年付,3200㎡,,,,第1层(共1层),精装修,住宅底商,是,"百货超市,酒店宾馆,家居建材,服饰鞋包,生活服务,美容美发,餐饮美食,休闲娱乐",宽窄巷子 太古里 春熙路 天府广场 锦江宾馆,长富花园,80.00米,30.00米,6.00米,,1.00元/㎡·月,"网络,暖气,停车位,客梯,货梯,扶梯,中央空调,上水,下水,可明火,排烟,排污,燃气,外摆区",2019/8/30 18:23:27,https://cd.shop.fang.com/zu/3_208773321.html
,10000元/月,押一付三,98594.00㎡,24㎡,,,第1层(共11层),精装修,商业街商铺,否,"百货超市,家居建材,服饰鞋包,生活服务,美容美发,餐饮美食,休闲娱乐",九龙广场,成都市青年路8号,4.00米,6.00米,5.00米,客梯8个，货梯4个,10.00元/㎡·月,"网络,暖气,停车位,客梯,货梯,扶梯,中央空调,上水,下水,可明火,排烟,排污,燃气,外摆区",2019/8/20 21:29:25,https://cd.shop.fang.com/zu/3_208657475.html
,50429元/月,押一付三,630.36㎡,,,,第2层(共3层),精装修,临街门面,是,"百货超市,酒店宾馆,家居建材,服饰鞋包,生活服务,美容美发,餐饮美食,休闲娱乐",绿地468,锦江，武侯，成华，青羊，金牛，温江，双流，新都,32.00米,20.00米,5.00米,,5.00元/㎡·月,"网络,暖气,停车位,客梯,货梯,扶梯,中央空调,上水,下水,可明火,排烟,排污,燃气,外摆区",2019/6/16 17:32:10,https://cd.shop.fang.com/zu/3_207948843.html
,240000元/月,押一付三,1760000.00㎡,3800㎡,,,第6层(共20层),精装修,写字楼配套底商,否,酒店宾馆,环球中心商铺,成都高新区天府大道北段1700号,35.00米,25.00米,4.00米,客梯4个，货梯1个,3.00元/㎡·月,,2019/7/28 14:13:55,https://cd.shop.fang.com/zu/3_208388482.html
,99000元/月,押一付三,1800㎡,1300㎡,,,第4层(共6层),毛坯,住宅底商,否,"百货超市,服饰鞋包,生活服务,美容美发,餐饮美食,休闲娱乐",天悦汇,成都市金牛区蓉北商贸大道二段与中环路洞子口段交汇处,99.00米,20.00米,5.20米,,5.00元/㎡·月,"网络,暖气,停车位,客梯,货梯,扶梯,中央空调,上水,下水,可明火,排烟,排污",2019/8/18 17:41:49,https://cd.shop.fang.com/zu/3_208637059.html
,100000元/月,半年付,13000㎡,10000㎡,,,第1层(共11层),精装修,临街门面,否,"酒店宾馆, 家居建材, 生活服务, 百货超市, 服饰鞋包, 其他, 餐饮美食, 美容美发, 休闲娱乐",云龙酒店,草市街,40.00米,50.00米,4.00米,,租金已包含,"网络,暖气,停车位,客梯,货梯,扶梯,中央空调,上水,下水,可明火,排烟,排污,燃气,外摆区",2019/7/10 23:27:19,https://cd.shop.fang.com/zu/3_208190096.html
,80000元/月,押一付三,1000㎡,,,,第1层(共1层),毛坯,住宅底商,否,,宜城大街二段73号,双流区宜城大街二段,5.00米,20.00米,3.30米,,1.00元/㎡·月,,2019/8/6 16:51:59,https://cd.shop.fang.com/zu/3_208494778.html
,15000元/月,租金已包含,暂无,,,,精装修,其他,否,EGO潮流广场,,客梯0个，货梯0个,3.00米,5.00米,5.00米,EGO潮流广场,16649.99㎡,20㎡,,2019/9/2 23:30:24,https://cd.shop.fang.com/zu/3_208808190.html
,15000元/月,租金已包含,暂无,,,,精装修,其他,否,银石广场商铺,,客梯30个，货梯0个,5.00米,6.00米,5.00米,银石广场商铺,100000.00㎡,35㎡,,2019/8/2 22:51:35,https://cd.shop.fang.com/zu/3_208453643.html
,9000元/月,押一付三,577940.00㎡,,,,第1层(共1层),精装修,写字楼配套底商,是,,天来国际广场,光华大道与温泉大道交叉口,10.00米,18.00米,3.30米,客梯2个，货梯0个,1.90元/㎡·月,,2019/8/6 16:34:30,https://cd.shop.fang.com/zu/3_208494556.html
,67913元/月,半年付,848.91㎡,,,,第2层(共3层),精装修,住宅底商,是,"百货超市,酒店宾馆,家居建材,服饰鞋包,生活服务,美容美发,餐饮美食,休闲娱乐",独栋物业 招文化 艺术 舞蹈 编程 机器人等培训,绿地中心,42.00米,20.00米,5.00米,,5.00元/㎡·月,"网络,暖气,停车位,客梯,货梯,扶梯,中央空调,上水,下水,可明火,排烟,排污,燃气,外摆区",2019/6/16 16:28:35,https://cd.shop.fang.com/zu/3_207947923.html
,50755元/月,押一付三,390.42㎡,309.2㎡,,,第1层(共5层),毛坯,住宅底商,是,"百货超市,酒店宾馆,家居建材,服饰鞋包,生活服务,美容美发,餐饮美食,休闲娱乐,其他",洲际春天广场 亚洲湾 地铁铺 无中介费,温泉大道二段177号,10.00米,18.00米,6.00米,,4.50元/㎡·月,"停车位,客梯,上水,下水,排烟,排污,燃气,外摆区",2019/7/21 15:33:37,https://cd.shop.fang.com/zu/3_208309315.html
,66000元/月,租金已包含,1999-01-01,,,,精装修,其他,否,九龙广场,,客梯8个，货梯4个,12.00米,10.00米,2.00米,九龙广场,98594.00㎡,120㎡,,2019/8/2 22:42:40,https://cd.shop.fang.com/zu/3_208453565.html
,500元/月,押一付三,1760000.00㎡,,,,第1层(共2层),毛坯,商业街商铺,是,,环球中心商铺,成都高新区天府大道北段1700号,15.00米,15.00米,7.90米,客梯4个，货梯1个,14.00元/㎡·月,,2019/8/17 14:09:32,https://cd.shop.fang.com/zu/3_208622202.html
,15000元/月,租金已包含,1999-01-01,,,,精装修,其他,否,九龙广场,,客梯8个，货梯4个,1.00米,1.00米,1.00米,九龙广场,98594.00㎡,45㎡,,2019/9/2 23:35:07,https://cd.shop.fang.com/zu/3_208808207.html
,15000元/月,租金已包含,暂无,,,,精装修,其他,否,银石广场商铺,,客梯30个，货梯0个,5.00米,6.00米,5.00米,银石广场商铺,100000.00㎡,35㎡,,2019/8/2 22:51:18,https://cd.shop.fang.com/zu/3_208453642.html
,8000元/月,押一付三,16649.99㎡,12㎡,,,第1层(共11层),精装修,商业街商铺,否,"百货超市,服饰鞋包,生活服务,美容美发,餐饮美食,休闲娱乐",EGO潮流广场,春熙路上东大街133号,3.00米,4.00米,5.00米,客梯0个，货梯0个,5.00元/㎡·月,"网络,暖气,停车位,客梯,货梯,扶梯,中央空调,上水,下水,可明火,排烟,排污,燃气,外摆区",2019/8/14 15:29:34,https://cd.shop.fang.com/zu/3_208584883.html
,12500元/月,年付,7320.00㎡,20㎡,,,第1层(共6层),精装修,商业街商铺,是,服饰鞋包,蓝光金荷花,北站东一路18号,5.00米,4.00米,4.00米,客梯1个，货梯1个,8.00元/㎡·月,"暖气,客梯,货梯,扶梯,中央空调,外摆区",2019/6/19 17:42:19,https://cd.shop.fang.com/zu/3_207976238.html
,200元/月,面议,1760000.00㎡,,,,第1层(共2层),毛坯,商业街商铺,否,"百货超市,家居建材,服饰鞋包,生活服务,美容美发,餐饮美食,休闲娱乐",环球中心商铺,成都高新区天府大道北段1700号,10.00米,20.00米,7.90米,客梯4个，货梯1个,14.00元/㎡·月,"网络,暖气,停车位,客梯,货梯,中央空调,上水,下水,可明火,排烟,排污,燃气",2019/8/15 11:49:47,https://cd.shop.fang.com/zu/3_208594548.html
,565500元/月,面议,14500㎡,,,,第1层(共6层),精装修,其他,否,学、校，医院,邻里中心,邻里中心,100.00米,100.00米,6.00米,,租金已包含,"网络,暖气,停车位,客梯,货梯,中央空调,上水,下水,可明火,排烟,排污,燃气,外摆区",2019/9/7 16:03:47,https://cd.shop.fang.com/zu/3_208871779.html
,8800元/月,押一付三,80㎡,,,,第1层(共2层),毛坯,住宅底商,否,"百货超市,酒店宾馆,家居建材,服饰鞋包,生活服务,美容美发,餐饮美食,休闲娱乐",滨河春天,滨河春天,8.00米,10.00米,4.50米,,5.00元/㎡·月,"网络,暖气,停车位,客梯,货梯,中央空调,上水,下水,可明火,排烟,排污,燃气,外摆区",2019/8/31 18:37:49,https://cd.shop.fang.com/zu/3_208785772.html
,8000元/月,押一付三,16649.99㎡,20㎡,,,第1层(共8层),精装修,商业街商铺,否,"百货超市,酒店宾馆,家居建材,服饰鞋包,生活服务,美容美发,餐饮美食,休闲娱乐",EGO潮流广场,春熙路上东大街133号,4.00米,5.00米,5.00米,客梯0个，货梯0个,5.00元/㎡·月,"网络,暖气,停车位,客梯,货梯,扶梯,中央空调,上水,下水,可明火,排烟,排污,燃气,外摆区",2019/9/3 15:26:54,https://cd.shop.fang.com/zu/3_208814891.html
,15000元/月,租金已包含,暂无,,,,精装修,其他,否,银石广场商铺,,客梯30个，货梯0个,4.00米,5.00米,6.00米,银石广场商铺,100000.00㎡,25㎡,,2019/8/2 22:47:18,https://cd.shop.fang.com/zu/3_208453607.html
,66000元/月,租金已包含,1999-01-01,,,,精装修,其他,否,九龙广场,,客梯8个，货梯4个,12.00米,10.00米,2.00米,九龙广场,98594.00㎡,120㎡,,2019/8/2 22:42:47,https://cd.shop.fang.com/zu/3_208453566.html
,11000元/月,半年付,16649.99㎡,24㎡,,,第1层(共1层),精装修,商业街商铺,否,时尚潮流,EGO潮流广场,春熙路上东大街133号,4.00米,5.00米,5.00米,客梯0个，货梯0个,租金已包含,"网络,暖气,停车位,客梯,货梯,扶梯,中央空调",2019/8/2 10:28:31,https://cd.shop.fang.com/zu/3_208440598.html
,42900元/月,押一付三,1650㎡,1600㎡,,,第10层(共20层),精装修,商业街商铺,否,酒店宾馆,航空港,航空港,35.00米,18.00米,4.00米,,1.00元/㎡·月,,2019/9/9 21:43:18,https://cd.shop.fang.com/zu/3_208899444.html
,130元/月,年付,290.77㎡,,,,第1层(共35层),毛坯,住宅底商,是,,光华大道洲际春天广场 亚洲湾 地铁口商铺 住宅底商,温泉大道二段177号,9.90米,17.00米,6.00米,,4.50元/㎡·月,"上水,下水,排污,外摆区",2019/7/21 12:06:07,https://cd.shop.fang.com/zu/3_208306892.html
,12000元/月,押一付三,40000.00㎡,14㎡,,,第-1层(共5层),精装修,商业街商铺,否,,春熙village,东大街上东大街段111号,3.00米,3.00米,4.80米,客梯7个，货梯2个,20.00元/㎡·月,"网络,暖气,停车位,客梯,货梯,扶梯,中央空调,上水,下水,可明火,排烟,排污,外摆区",2019/8/22 13:34:38,https://cd.shop.fang.com/zu/3_208674498.html
,110元/月,半年付,0.00㎡,,,,第2层(共2层),简装修,商业街商铺,否,"百货超市,酒店宾馆,家居建材,服饰鞋包,生活服务,美容美发,餐饮美食,休闲娱乐",泛悦城市广场商铺,2.5环昭觉寺南路（昭觉寺横路段）,10.00米,10.00米,6.00米,客梯0个，货梯0个,租金已包含,"网络,暖气,停车位,客梯,货梯,扶梯,中央空调,上水,下水,排烟,排污,燃气",2019/6/15 17:33:33,https://cd.shop.fang.com/zu/3_207937577.html
,65000元/月,押一付三,0.00㎡,,,,第3层(共3层),简装修,写字楼配套底商,否,"百货超市,酒店宾馆,家居建材,服饰鞋包,生活服务,美容美发,餐饮美食,休闲娱乐",百悦城plus商铺,大面街道新建路118号,30.00米,30.00米,6.00米,客梯0个，货梯0个,5.00元/㎡·月,"网络,暖气,停车位,客梯,货梯,扶梯,中央空调,上水,下水,可明火,排烟,排污,燃气,外摆区",2019/8/28 9:51:07,https://cd.shop.fang.com/zu/3_208739813.html
,10000元/月,租金已包含,暂无,,,,精装修,商业街商铺,否,EGO潮流广场,,客梯0个，货梯0个,4.00米,4.00米,4.00米,EGO潮流广场,16649.99㎡,24㎡,,2019/8/2 22:49:22,https://cd.shop.fang.com/zu/3_208453623.html
,40000元/月,租金已包含,1999-01-01,,,,精装修,其他,否,九龙广场,,客梯8个，货梯4个,12.00米,10.00米,5.50米,九龙广场,98594.00㎡,120㎡,,2019/8/2 22:46:39,https://cd.shop.fang.com/zu/3_208453598.html
,110元/月,押一付三,366.95㎡,,,,第1层(共3层),简装修,商业街商铺,是,,科华北路,科华北路,9.50米,25.50米,6.00米,,18.00元/㎡·月,,2019/8/13 18:39:04,https://cd.shop.fang.com/zu/3_208576485.html
,80元/月,租金已包含,1999-01-01,,,,精装修,其他,否,九龙广场,,客梯8个，货梯4个,40.00米,50.00米,5.00米,九龙广场,98594.00㎡,2000㎡,,2019/9/2 23:48:00,https://cd.shop.fang.com/zu/3_208808241.html
8万元,32000元/月,半年付,200㎡,199㎡,60个月,带设备转让,第1层(共1层),简装修,商业街商铺,否,,洪山北路,洪山北路,10.00米,20.00米,6.00米,,租金已包含,,2019/8/26 21:30:47,https://cd.shop.fang.com/zu/3_208726670.html
,290元/月,押一付三,1760000.00㎡,,,,第1层(共2层),简装修,商业街商铺,否,,环球中心商铺,成都高新区天府大道北段1700号,10.00米,20.00米,7.00米,客梯4个，货梯1个,14.00元/㎡·月,,2019/9/2 17:52:38,https://cd.shop.fang.com/zu/3_208805927.html
,16000元/月,租金已包含,1999-01-01,,,,精装修,商业街商铺,否,九龙广场,,客梯8个，货梯4个,5.00米,6.00米,6.00米,九龙广场,98594.00㎡,30㎡,"网络,暖气,停车位,客梯,货梯,扶梯,中央空调,外摆区",2019/7/31 20:34:09,https://cd.shop.fang.com/zu/3_208425081.html
,8000元/月,半年付,100㎡,90㎡,,,第1层(共1层),毛坯,临街门面,否,"百货超市,酒店宾馆,家居建材,服饰鞋包,生活服务,美容美发,餐饮美食,休闲娱乐",滨河春天CITY PARK 置信逸都,红光大道,9.00米,10.00米,4.50米,,3.00元/㎡·月,"网络,暖气,停车位,客梯,货梯,扶梯,中央空调,上水,下水,可明火,排烟,排污,燃气,外摆区",2019/9/3 14:04:34,https://cd.shop.fang.com/zu/3_208813520.html
,100元/月,租金已包含,暂无,,,,精装修,其他,否,富力天汇MALL,,客梯21个，货梯4个,30.00米,66.00米,5.00米,富力天汇MALL,61000.00㎡,2500㎡,,2019/8/2 22:42:34,https://cd.shop.fang.com/zu/3_208453564.html
,130元/月,半年付,75㎡,71㎡,,,第1层(共35层),毛坯,住宅底商,否,"百货超市,酒店宾馆,家居建材,服饰鞋包,生活服务,美容美发,餐饮美食,休闲娱乐,其他",光华大道洲际春天广场 亚洲湾 地铁口商铺 住宅底商,温泉大道二段177号,6.00米,17.00米,6.00米,,4.50元/㎡·月,"上水,下水",2019/7/20 17:17:48,https://cd.shop.fang.com/zu/3_208299653.html
,61600元/月,面议,220㎡,,,,第1层(共3层),毛坯,临街门面,否,"百货超市,服饰鞋包,生活服务,美容美发,休闲娱乐",和雅嘉御,和雅嘉御,10.00米,15.00米,6.00米,,10.00元/㎡·月,"中央空调,上水,下水,可明火,排烟,排污,燃气",2019/8/12 17:53:47,https://cd.shop.fang.com/zu/3_208565748.html
,20000元/月,押一付三,98594.00㎡,59㎡,,,第1层(共12层),精装修,商业街商铺,是,服饰鞋包,九龙广场,成都市青年路8号,6.00米,10.00米,5.00米,客梯8个，货梯4个,10.00元/㎡·月,"网络,暖气,停车位,客梯,货梯,扶梯,中央空调,上水,下水,可明火,排烟,排污,燃气,外摆区",2019/9/4 16:27:52,https://cd.shop.fang.com/zu/3_208828561.html
,43400元/月,押二付三,620㎡,,,,第2层(共4层),毛坯,写字楼配套底商,否,"百货超市,酒店宾馆,家居建材,服饰鞋包,生活服务,美容美发,餐饮美食,休闲娱乐",金牛凯德教育城,星河路,31.00米,20.00米,6.00米,,租金已包含,"网络,暖气,停车位,客梯,货梯,扶梯,中央空调,上水,下水,可明火,排烟,排污,燃气",2019/6/15 16:30:12,https://cd.shop.fang.com/zu/3_207936534.html
,7500元/月,押一付三,86㎡,,,,第1层(共2层),简装修,住宅底商,是,"百货超市,服饰鞋包,生活服务,美容美发,餐饮美食,休闲娱乐",面源素,龙爪堰地铁,4.00米,18.00米,4.80米,,4.00元/㎡·月,"网络,停车位,中央空调,上水,下水,可明火,排烟,排污,外摆区",2019/8/17 10:57:15,https://cd.shop.fang.com/zu/3_208619417.html
,50000元/月,面议,100000.00㎡,450㎡,,,第8层(共32层),精装修,其他,否,办公-健身房瑜伽,银石广场商铺,红星路三段99号,4.00米,20.00米,5.00米,客梯30个，货梯0个,租金已包含,"网络,暖气,停车位,货梯,扶梯,中央空调,上水,下水,燃气",2019/9/6 17:38:33,https://cd.shop.fang.com/zu/3_208857606.html
,100元/月,半年付,145.48㎡,,,,第1层(共32层),毛坯,住宅底商,否,"百货超市,酒店宾馆,家居建材,服饰鞋包,生活服务,美容美发,餐饮美食,休闲娱乐,其他",温江光华大道新城中心地铁现铺，无中介费!,温泉大道二段177号,6.30米,17.00米,6.00米,,4.50元/㎡·月,"上水,下水,排污,外摆区",2019/7/21 16:36:38,https://cd.shop.fang.com/zu/3_208310363.html
,73000元/月,租金已包含,1999-01-01,,,,精装修,其他,否,九龙广场,,客梯8个，货梯4个,10.00米,13.00米,6.00米,九龙广场,98594.00㎡,130㎡,,2019/8/2 22:44:54,https://cd.shop.fang.com/zu/3_208453584.html
,166660元/月,押一付三,18000㎡,17000㎡,,,第1层(共3层),精装修,商业街商铺,否,"生活服务,其他",三圣乡农家乐,三圣乡,45.00米,30.00米,5.00米,,2.00元/㎡·月,,2019/7/1 23:18:20,https://cd.shop.fang.com/zu/3_206950482.html
,25000元/月,租金已包含,暂无,,,,精装修,其他,否,群光广场,,客梯1个，货梯0个,11.00米,6.00米,5.00米,群光广场,187000.00㎡,80㎡,,2019/9/2 23:49:00,https://cd.shop.fang.com/zu/3_208808246.html
,13500元/月,押一付三,577940.00㎡,,,,第1层(共1层),精装修,写字楼配套底商,是,,天来国际广场,光华大道与温泉大道交叉口,10.00米,27.00米,3.30米,客梯2个，货梯0个,1.90元/㎡·月,,2019/8/6 16:29:55,https://cd.shop.fang.com/zu/3_208494512.html
18万元,28000元/月,面议,500㎡,,36个月,空转,第1层(共3层),精装修,临街门面,否,"酒店宾馆,餐饮美食,休闲娱乐",翘脚牛肉,抚琴小区,10.00米,8.00米,5.00米,,租金已包含,"网络,暖气,停车位,扶梯,中央空调,上水,下水,可明火,排烟,排污,燃气",2019/7/11 10:23:49,https://cd.shop.fang.com/zu/3_208191808.html
,10000元/月,押一付三,16649.99㎡,16㎡,,,第1层(共11层),精装修,商业街商铺,否,"百货超市,酒店宾馆,家居建材,服饰鞋包,生活服务,美容美发,休闲娱乐",EGO潮流广场,春熙路上东大街133号,4.00米,4.00米,5.00米,客梯0个，货梯0个,35.00元/㎡·月,"网络,暖气,停车位,客梯,货梯,扶梯,中央空调,上水,下水,可明火,排烟,排污,燃气,外摆区",2019/9/5 14:33:53,https://cd.shop.fang.com/zu/3_208840109.html
8万元,32000元/月,半年付,200㎡,199㎡,60个月,带设备转让,第1层(共1层),简装修,商业街商铺,否,,洪山北路,洪山北麓,10.00米,20.00米,6.00米,,租金已包含,,2019/8/26 21:23:16,https://cd.shop.fang.com/zu/3_208726643.html
,10000元/月,押一付三,16649.99㎡,16㎡,,,第1层(共11层),精装修,商业街商铺,否,"百货超市,酒店宾馆,家居建材,服饰鞋包,生活服务,美容美发,餐饮美食,休闲娱乐",EGO潮流广场,春熙路上东大街133号,4.00米,4.00米,5.00米,客梯0个，货梯0个,5.00元/㎡·月,"网络,暖气,停车位,客梯,货梯,扶梯,中央空调,上水,下水,可明火,排烟,排污,燃气,外摆区",2019/9/10 16:07:20,https://cd.shop.fang.com/zu/3_208907584.html
,16800元/月,租金已包含,暂无,,,,精装修,其他,否,银石广场商铺,,客梯30个，货梯0个,4.00米,5.00米,5.00米,银石广场商铺,100000.00㎡,21㎡,,2019/9/2 23:54:44,https://cd.shop.fang.com/zu/3_208808265.html
,160元/月,押一付三,80.98㎡,,,,第1层(共20层),简装修,住宅底商,否,,润富国际,成都市武侯区交子大道,15.00米,5.00米,6.00米,,6.00元/㎡·月,,2019/8/9 14:20:00,https://cd.shop.fang.com/zu/3_208526968.html
,128元/月,半年付,130000.00㎡,,,,第2层(共2层),简装修,商业街商铺,是,"百货超市,酒店宾馆,家居建材,服饰鞋包,生活服务,美容美发,餐饮美食,休闲娱乐",飞大壹号广场商铺,成都市金牛区一环路北三段100号（一环路与解放路交汇处，一环路内侧）,10.00米,15.00米,6.00米,客梯0个，货梯0个,租金已包含,"网络,暖气,停车位,客梯,货梯,扶梯,中央空调,上水,下水,可明火,排烟,排污,燃气,外摆区",2019/6/18 16:59:32,https://cd.shop.fang.com/zu/3_207965618.html
,99000元/月,半年付,1800㎡,1500㎡,,,第4层(共26层),毛坯,商业街商铺,否,"百货超市,酒店宾馆,家居建材,服饰鞋包,生活服务,美容美发,餐饮美食,休闲娱乐",金牛区交大路洞子口五块石,沙河源,50.00米,36.00米,5.00米,,5.00元/㎡·月,"网络,暖气,停车位,客梯,货梯,扶梯,中央空调,上水,下水,可明火,排烟,排污,燃气,外摆区",2019/8/18 11:06:47,https://cd.shop.fang.com/zu/3_208632106.html
,95元/月,面议,1500㎡,1200㎡,,,第3层(共4层),毛坯,住宅底商,否,"生活服务,美容美发,餐饮美食",棕北国际,棕北国际,60.00米,20.00米,4.80米,,5.00元/㎡·月,"网络,停车位,客梯,货梯,中央空调,上水,下水,可明火,排烟,排污,燃气",2019/8/20 17:52:09,https://cd.shop.fang.com/zu/3_208655644.html
,100元/月,押二付三,1760000.00㎡,,,,第1层(共2层),简装修,写字楼配套底商,是,"百货超市,服饰鞋包,生活服务,美容美发,餐饮美食,休闲娱乐",环球中心商铺,成都高新区天府大道北段1700号,20.00米,20.00米,7.90米,客梯4个，货梯1个,14.00元/㎡·月,"网络,暖气,停车位,客梯,货梯,中央空调,上水,下水,可明火,排烟,排污,燃气",2019/8/19 14:06:33,https://cd.shop.fang.com/zu/3_208643340.html
,202100元/月,押一付三,4700㎡,4500㎡,,,第1层(共7层),,商业街商铺,否,酒店宾馆,宽窄巷子,宽窄巷子,35.00米,18.00米,4.00米,,1.00元/㎡·月,,2019/8/29 19:41:13,https://cd.shop.fang.com/zu/3_208761550.html
,41493元/月,押一付三,319.18㎡,270.2㎡,,,第1层(共3层),毛坯,住宅底商,是,"百货超市,家居建材,服饰鞋包,生活服务,美容美发,餐饮美食,休闲娱乐,其他",洲际春天广场,温泉大道二段177号,10.00米,24.00米,6.00米,,4.50元/㎡·月,"停车位,上水,下水,排烟,排污,燃气,外摆区",2019/7/18 11:27:08,https://cd.shop.fang.com/zu/3_208269644.html
,25000元/月,租金已包含,暂无,,,,精装修,其他,否,群光广场,,客梯1个，货梯0个,11.00米,6.00米,5.00米,群光广场,187000.00㎡,80㎡,,2019/8/2 22:44:55,https://cd.shop.fang.com/zu/3_208453585.html
,10000元/月,押一付三,100000.00㎡,16㎡,,,第1层(共12层),精装修,商业街商铺,否,"百货超市,家居建材,服饰鞋包,生活服务,美容美发,餐饮美食,休闲娱乐",银石广场商铺,红星路三段99号,4.00米,4.00米,5.00米,客梯30个，货梯0个,5.00元/㎡·月,"网络,暖气,停车位,客梯,货梯,扶梯,中央空调,上水,下水,可明火,排烟,排污,燃气,外摆区",2019/9/6 10:50:25,https://cd.shop.fang.com/zu/3_208850504.html
,15000元/月,租金已包含,暂无,,,,精装修,其他,否,银石广场商铺,,客梯30个，货梯0个,4.00米,5.00米,6.00米,银石广场商铺,100000.00㎡,25㎡,,2019/8/2 22:47:14,https://cd.shop.fang.com/zu/3_208453606.html
,260000元/月,押一付三,462527.15㎡,1900㎡,,,第2层(共24层),毛坯,住宅底商,否,"酒店宾馆,休闲娱乐",清凤时代城商铺,剑南大道中段716号,30.00米,60.00米,10.00米,客梯16个，货梯0个,1.00元/㎡·月,"上水,下水",2019/7/18 19:55:04,https://cd.shop.fang.com/zu/3_207171106.html
,10000元/月,押一付三,100000.00㎡,20㎡,,,第1层(共11层),精装修,商业街商铺,否,"百货超市,家居建材,服饰鞋包,生活服务,美容美发,餐饮美食,休闲娱乐",银石广场商铺,红星路三段99号,4.00米,5.00米,5.00米,客梯30个，货梯0个,5.00元/㎡·月,"网络,暖气,停车位,客梯,货梯,扶梯,中央空调,上水,下水,可明火,排烟,排污,燃气,外摆区",2019/8/20 21:26:27,https://cd.shop.fang.com/zu/3_208657455.html
,10000元/月,租金已包含,暂无,,,,精装修,其他,否,EGO潮流广场,,客梯0个，货梯0个,5.00米,4.00米,3.00米,EGO潮流广场,16649.99㎡,25㎡,,2019/9/2 23:33:03,https://cd.shop.fang.com/zu/3_208808201.html
,80000元/月,面议,1760000.00㎡,,,,第1层(共2层),毛坯,商业街商铺,否,"百货超市,家居建材,服饰鞋包,生活服务,美容美发,餐饮美食,休闲娱乐",环球中心商铺,成都高新区天府大道北段1700号,10.00米,20.00米,7.90米,客梯4个，货梯1个,14.00元/㎡·月,"网络,停车位,客梯,货梯,中央空调,上水,下水,可明火,排烟,排污,燃气",2019/8/15 11:44:09,https://cd.shop.fang.com/zu/3_208594418.html
,50000元/月,租金已包含,1999-01-01,,,,精装修,其他,否,九龙广场,,客梯8个，货梯4个,1.00米,1.00米,1.00米,九龙广场,98594.00㎡,130㎡,,2019/8/2 22:41:55,https://cd.shop.fang.com/zu/3_208453557.html
,270000元/月,押一付三,7777㎡,7500㎡,,,第2层(共6层),精装修,住宅底商,否,酒店宾馆,火车南站,上锦雅筑,26.00米,15.00米,4.00米,,1.00元/㎡·月,,2019/7/22 20:53:21,https://cd.shop.fang.com/zu/3_208321902.html
,80000元/月,押二付三,1760000.00㎡,,,,第1层(共2层),简装修,临街门面,是,"百货超市,家居建材,服饰鞋包,生活服务,美容美发,餐饮美食,休闲娱乐",环球中心商铺,成都高新区天府大道北段1700号,10.00米,20.00米,7.90米,客梯4个，货梯1个,14.00元/㎡·月,"网络,暖气,停车位,客梯,货梯,中央空调,上水,下水,可明火,排烟,排污,燃气,外摆区",2019/9/5 17:48:08,https://cd.shop.fang.com/zu/3_208843936.html
,47300元/月,半年付,215㎡,200㎡,,,第1层(共1层),毛坯,临街门面,否,"百货超市,家居建材,服饰鞋包,生活服务,美容美发,餐饮美食,休闲娱乐",五大花园双楠红牌楼鹭岛国际,五大花园,20.00米,10.00米,6.00米,,5.00元/㎡·月,"网络,暖气,停车位,中央空调,上水,下水,可明火,排烟,排污,燃气,外摆区",2019/9/6 10:04:05,https://cd.shop.fang.com/zu/3_208849169.html
,855000元/月,半年付,0.00㎡,14000㎡,,,第1层(共7层),,购物中心/百货,否,"酒店宾馆,餐饮美食,休闲娱乐",华商金融中心,高新区金融城交子大道（天府国际金融中心旁）,38.00米,25.00米,4.00米,客梯0个，货梯0个,2.00元/㎡·月,,2019/9/3 13:17:24,https://cd.shop.fang.com/zu/3_208812980.html
,10000元/月,租金已包含,1999-01-01,,,,精装修,其他,否,九龙广场,,客梯8个，货梯4个,4.00米,5.00米,5.00米,九龙广场,98594.00㎡,30㎡,,2019/8/2 22:41:01,https://cd.shop.fang.com/zu/3_208453552.html
,327600元/月,押一付三,0.00㎡,7000㎡,,,第1层(共13层),精装修,商业街商铺,否,酒店宾馆,桐梓林壹号,成都市高新区盛和二路168号,30.00米,25.00米,5.00米,客梯0个，货梯0个,3.00元/㎡·月,,2019/7/2 6:18:36,https://cd.shop.fang.com/zu/3_208101842.html
,27329元/月,半年付,390.42㎡,310.81㎡,,,第3层(共5层),毛坯,住宅底商,是,,洲际春天广场 亚洲湾 地铁旺铺 学校旺铺,温泉大道二段177号,16.00米,23.80米,4.50米,,4.50元/㎡·月,"停车位,客梯,上水,下水,排烟,排污,外摆区",2019/7/12 12:00:00,https://cd.shop.fang.com/zu/3_208205785.html
,10000元/月,租金已包含,暂无,,,,精装修,购物中心/百货,否,EGO潮流广场,,客梯0个，货梯0个,4.00米,4.00米,4.00米,EGO潮流广场,16649.99㎡,24㎡,,2019/9/2 23:38:07,https://cd.shop.fang.com/zu/3_208808216.html
,12000元/月,租金已包含,暂无,,,,精装修,其他,否,银石广场商铺,,客梯30个，货梯0个,5.00米,3.00米,5.00米,银石广场商铺,100000.00㎡,30㎡,,2019/9/2 23:29:51,https://cd.shop.fang.com/zu/3_208808188.html
,20000元/月,半年付,500㎡,,,,第3层(共3层),简装修,住宅底商,是,"百货超市,酒店宾馆,家居建材,服饰鞋包,生活服务,美容美发,餐饮美食,休闲娱乐",融创凯旋公馆,润丰路 蓝光花耍街 西部新兴商贸市场,25.00米,20.00米,6.00米,,租金已包含,"网络,暖气,停车位,客梯,货梯,扶梯,中央空调,上水,下水,可明火,排烟,排污,燃气",2019/6/19 11:00:36,https://cd.shop.fang.com/zu/3_207971528.html
,306000元/月,押一付三,4500㎡,4300㎡,,,第6层(共12层),精装修,商业街商铺,否,酒店宾馆,春熙路,太古里,60.00米,70.00米,4.00米,,3.00元/㎡·月,,2019/7/21 8:56:54,https://cd.shop.fang.com/zu/3_207245726.html
,100元/月,半年付,150.86㎡,,,,第1层(共2层),毛坯,住宅底商,是,,温江光华大道新城中心地铁现铺，无中介费!,温泉大道二段177号,6.30米,18.00米,6.00米,,4.50元/㎡·月,"上水,下水,排烟,外摆区",2019/7/21 15:49:02,https://cd.shop.fang.com/zu/3_208309567.html
,30000元/月,租金已包含,1999-01-01,,,,精装修,其他,否,九龙广场,,客梯8个，货梯4个,5.00米,6.00米,6.00米,九龙广场,98594.00㎡,35㎡,,2019/9/2 23:50:15,https://cd.shop.fang.com/zu/3_208808250.html
,15000元/月,租金已包含,暂无,,,,精装修,其他,否,EGO潮流广场,,客梯0个，货梯0个,4.00米,5.00米,5.00米,EGO潮流广场,16649.99㎡,25㎡,,2019/8/2 22:40:51,https://cd.shop.fang.com/zu/3_208453550.html
,680元/月,押一付三,1760000.00㎡,,,,第1层(共1层),精装修,写字楼配套底商,是,,环球中心商铺,成都高新区天府大道北段1700号,8.00米,60.00米,7.90米,客梯4个，货梯1个,14.00元/㎡·月,,2019/8/19 14:05:00,https://cd.shop.fang.com/zu/3_208643321.html
,7520元/月,押一付三,94㎡,,,,第1层(共10层),精装修,商业街商铺,是,,尚都服饰广场,春熙路尚都服饰广场一楼,10.00米,4.00米,6.00米,,23.00元/㎡·月,,2019/8/9 10:53:19,https://cd.shop.fang.com/zu/3_208524318.html
,580000元/月,面议,14500㎡,,,,第1层(共6层),精装修,其他,否,职业学、校、医院,邻里中心,邻里中心,100.00米,100.00米,6.00米,,1.00元/㎡·月,"网络,暖气,停车位,客梯,货梯,中央空调,上水,下水,可明火,排烟,排污,燃气,外摆区",2019/9/6 12:14:52,https://cd.shop.fang.com/zu/3_208852405.html
,280元/月,押一付三,1760000.00㎡,,,,第1层(共2层),简装修,商业街商铺,否,,环球中心商铺,成都高新区天府大道北段1700号,10.00米,20.00米,7.00米,客梯4个，货梯1个,14.00元/㎡·月,,2019/9/2 17:55:55,https://cd.shop.fang.com/zu/3_208805957.html
,30000元/月,租金已包含,1999-01-01,,,,精装修,其他,否,九龙广场,,客梯8个，货梯4个,5.00米,8.00米,6.00米,九龙广场,98594.00㎡,45㎡,,2019/9/2 23:27:25,https://cd.shop.fang.com/zu/3_208808179.html
15万元,29960元/月,押一付三,419900.00㎡,,72个月,空转,第1层(共2层),简装修,住宅底商,否,"百货超市,家居建材,服饰鞋包,生活服务,美容美发,餐饮美食,休闲娱乐",首创国际城商铺,成渝立交万科北街18号,20.00米,15.00米,6.50米,客梯3个，货梯1个,1.80元/㎡·月,"网络,暖气,停车位,客梯,货梯,扶梯,中央空调,上水,下水,可明火,排烟,排污,燃气,外摆区",2019/8/13 14:31:51,https://cd.shop.fang.com/zu/3_208572668.html
,153700元/月,押一付三,2650㎡,2600㎡,,,第1层(共6层),精装修,商业街商铺,否,酒店宾馆,总府路,春熙路总府路,80.00米,30.00米,4.00米,,3.00元/㎡·月,"上水,下水,排烟",2019/7/18 19:55:02,https://cd.shop.fang.com/zu/3_207200792.html
,80元/月,租金已包含,1999-01-01,,,,精装修,其他,否,九龙广场,,客梯8个，货梯4个,40.00米,45.00米,5.00米,九龙广场,98594.00㎡,1800㎡,,2019/9/2 23:21:51,https://cd.shop.fang.com/zu/3_208808155.html
,16000元/月,租金已包含,1999-01-01,,,,精装修,其他,否,九龙广场,,客梯8个，货梯4个,5.00米,6.00米,6.00米,九龙广场,98594.00㎡,30㎡,,2019/9/2 23:34:12,https://cd.shop.fang.com/zu/3_208808205.html
,576000元/月,押一付三,98594.00㎡,1500㎡,,,第1层(共11层),精装修,商业街商铺,否,,九龙广场,成都市青年路8号,20.00米,75.00米,5.00米,客梯8个，货梯4个,10.00元/㎡·月,"网络,暖气,停车位,客梯,货梯,扶梯,中央空调,上水,下水,可明火,排烟,排污,燃气,外摆区",2019/8/22 11:22:56,https://cd.shop.fang.com/zu/3_208672754.html
,20000元/月,租金已包含,1999-01-01,,,,毛坯,其他,否,九龙广场,,客梯8个，货梯4个,8.00米,8.00米,5.00米,九龙广场,98594.00㎡,60㎡,,2019/8/2 22:46:22,https://cd.shop.fang.com/zu/3_208453597.html
,10000元/月,押一付三,16649.99㎡,16㎡,,,第1层(共15层),精装修,商业街商铺,否,"百货超市,家居建材,服饰鞋包,生活服务,美容美发,餐饮美食,休闲娱乐",EGO潮流广场,春熙路上东大街133号,4.00米,4.00米,5.00米,客梯0个，货梯0个,5.00元/㎡·月,"网络,暖气,停车位,客梯,货梯,扶梯,中央空调,上水,下水,可明火,排烟,排污,燃气,外摆区",2019/8/28 9:57:40,https://cd.shop.fang.com/zu/3_208740009.html
,200元/月,押二付三,370㎡,260㎡,,,第1层(共1层),精装修,写字楼配套底商,否,"百货超市,家居建材,服饰鞋包,生活服务,美容美发,餐饮美食,休闲娱乐",中航国际广场 布鲁明顿 奥克斯广场,中航国际广场,30.00米,10.00米,4.90米,,10.00元/㎡·月,"网络,停车位,上水,下水,可明火,排烟,排污,燃气,外摆区",2019/9/4 10:11:48,https://cd.shop.fang.com/zu/3_208821482.html
,110元/月,半年付,240㎡,,,,第1层(共2层),毛坯,住宅底商,否,"百货超市,酒店宾馆,服饰鞋包,生活服务,美容美发,餐饮美食,休闲娱乐",滨河春天,滨河春天,20.00米,12.00米,4.80米,,5.00元/㎡·月,"网络,暖气,停车位,客梯,货梯,扶梯,中央空调,上水,下水,可明火,排烟,排污,燃气",2019/8/31 18:40:24,https://cd.shop.fang.com/zu/3_208785789.html
,10000元/月,租金已包含,暂无,,,,精装修,其他,否,银石广场商铺,,客梯30个，货梯0个,6.00米,3.00米,5.00米,银石广场商铺,100000.00㎡,22㎡,,2019/9/2 23:24:49,https://cd.shop.fang.com/zu/3_208808170.html
,10000元/月,租金已包含,暂无,,,,精装修,其他,否,银石广场商铺,,客梯30个，货梯0个,4.00米,5.00米,5.00米,银石广场商铺,100000.00㎡,24㎡,,2019/8/2 22:46:10,https://cd.shop.fang.com/zu/3_208453593.html
,1700000元/月,押一付三,447025.00㎡,,,,第-1层(共25层),毛坯,住宅底商,否,百货超市,南城都汇商铺,南三环四段宜家对面，市一医院旁成汉中路,100.00米,10.00米,5.50米,客梯4个，货梯4个,,"网络,暖气,停车位,客梯,货梯,扶梯,中央空调,上水,下水,可明火,排烟,排污,燃气,外摆区",2019/7/28 17:51:44,https://cd.shop.fang.com/zu/3_208392158.html
,14105元/月,半年付,217㎡,,,,第2层(共3层),毛坯,住宅底商,否,"百货超市,酒店宾馆,家居建材,服饰鞋包,生活服务,美容美发,餐饮美食,休闲娱乐",金牛区,五块石,20.00米,10.00米,6.00米,,租金已包含,"网络,暖气,停车位,客梯,货梯,扶梯,中央空调,上水,下水,可明火,排烟,排污,燃气,外摆区",2019/9/7 10:45:41,https://cd.shop.fang.com/zu/3_208865571.html
,10000元/月,押一付三,16649.99㎡,16㎡,,,第1层(共8层),精装修,商业街商铺,否,"百货超市,家居建材,服饰鞋包,生活服务,美容美发,餐饮美食,休闲娱乐",EGO潮流广场,春熙路上东大街133号,4.00米,4.00米,5.00米,客梯0个，货梯0个,5.00元/㎡·月,"网络,暖气,停车位,客梯,货梯,扶梯,中央空调,上水,下水,可明火,排烟,排污,燃气,外摆区",2019/9/1 10:09:08,https://cd.shop.fang.com/zu/3_208789533.html
,50000元/月,押一付三,872㎡,,,,第1层(共3层),简装修,住宅底商,否,百货超市,社区独栋出售,四川省成都市双流区,87.20米,10.00米,5.50米,,,"网络,暖气,停车位,客梯,货梯,扶梯",2019/7/10 10:23:44,https://cd.shop.fang.com/zu/3_208181779.html
,10000元/月,租金已包含,暂无,,,,精装修,其他,否,EGO潮流广场,,客梯0个，货梯0个,4.00米,5.00米,5.00米,EGO潮流广场,16649.99㎡,25㎡,,2019/8/2 22:44:05,https://cd.shop.fang.com/zu/3_208453576.html
,23633元/月,半年付,181.79㎡,153.89㎡,,,第1层(共1层),毛坯,住宅底商,是,"百货超市,家居建材,服饰鞋包,生活服务,美容美发,餐饮美食,休闲娱乐,其他",洲际春天广场,温泉大道二段177号,6.50米,22.00米,6.00米,,4.50元/㎡·月,"停车位,上水,下水,排烟,排污,燃气,外摆区",2019/7/18 11:25:40,https://cd.shop.fang.com/zu/3_208269499.html
,70元/月,半年付,570.84㎡,,,,第2层(共5层),毛坯,商业街商铺,否,"百货超市,酒店宾馆,家居建材,服饰鞋包,生活服务,美容美发,餐饮美食,休闲娱乐,其他",光华大道洲际春天广场 亚洲湾 地铁口商铺 住宅底商,温泉大道二段177号,17.10米,21.00米,4.20米,,4.50元/㎡·月,"上水,下水,排污,燃气,外摆区",2019/7/21 16:45:55,https://cd.shop.fang.com/zu/3_208310526.html
,8500元/月,租金已包含,暂无,,,,精装修,其他,否,银石广场商铺,,客梯30个，货梯0个,4.00米,5.00米,6.00米,银石广场商铺,100000.00㎡,20㎡,,2019/9/2 23:28:11,https://cd.shop.fang.com/zu/3_208808181.html
,351000元/月,面议,5400㎡,,,,第1层(共2层),简装修,写字楼配套底商,是,"百货超市,酒店宾馆,家居建材,服饰鞋包,生活服务,美容美发,餐饮美食,休闲娱乐",锦江宾馆,索菲特酒店,90.00米,60.00米,4.00米,,6.00元/㎡·月,"网络,暖气,停车位,客梯,货梯,扶梯,中央空调,上水,下水,可明火,排烟,排污,燃气,外摆区",2019/9/4 14:49:25,https://cd.shop.fang.com/zu/3_208826746.html
,120元/月,押一付三,80.98㎡,,,,第1层(共10层),简装修,住宅底商,否,,润富国际,成都市武侯区交子大道,15.00米,5.00米,6.00米,,6.00元/㎡·月,,2019/8/9 14:37:30,https://cd.shop.fang.com/zu/3_208527413.html
,10000元/月,押一付三,98594.00㎡,20㎡,,,第1层(共33层),精装修,商业街商铺,否,"百货超市,服饰鞋包,生活服务,美容美发,餐饮美食,休闲娱乐",九龙广场,成都市青年路8号,4.00米,5.00米,5.00米,客梯8个，货梯4个,10.00元/㎡·月,"网络,暖气,停车位,客梯,货梯,扶梯,中央空调,上水,下水,可明火,排烟,排污,燃气,外摆区",2019/8/24 10:14:23,https://cd.shop.fang.com/zu/3_208697122.html
,15000元/月,半年付,150㎡,,,,第2层(共3层),毛坯,商业街商铺,否,"百货超市,酒店宾馆,家居建材,服饰鞋包,生活服务,美容美发,餐饮美食,休闲娱乐",肖家河正街,肖家河,10.00米,6.00米,4.20米,,租金已包含,"网络,暖气,停车位,扶梯,中央空调,上水,下水,可明火,排烟,排污,燃气,外摆区",2019/7/11 10:15:12,https://cd.shop.fang.com/zu/3_208191563.html
,9600元/月,半年付,120㎡,110㎡,,,第1层(共1层),毛坯,临街门面,否,"百货超市,酒店宾馆,家居建材,服饰鞋包,生活服务,美容美发,餐饮美食,休闲娱乐",郫县高新西区犀浦百草路一品天下,红光,11.00米,10.00米,4.50米,,2.00元/㎡·月,"网络,暖气,停车位,客梯,货梯,扶梯,中央空调,上水,下水,可明火,排烟,排污,燃气,外摆区",2019/9/3 14:07:31,https://cd.shop.fang.com/zu/3_208813585.html
,579248元/月,半年付,5265.89㎡,4424.66㎡,,,第1层(共5层),毛坯,住宅底商,是,"百货超市,酒店宾馆,家居建材,服饰鞋包,生活服务,美容美发,餐饮美食,休闲娱乐,其他",洲际春天广场,温泉大道二段177号,40.00米,20.00米,6.00米,,4.50元/㎡·月,"停车位,客梯,货梯,上水,下水,排烟,排污,外摆区",2019/7/13 16:10:25,https://cd.shop.fang.com/zu/3_208220910.html
,130元/月,押一付三,129.15㎡,,,,第1层(共10层),毛坯,商业街商铺,是,,润富国际,成都市武侯区交子大道,15.00米,5.00米,6.00米,,6.00元/㎡·月,,2019/8/9 15:00:33,https://cd.shop.fang.com/zu/3_208527938.html
,15000元/月,年付,35㎡,20㎡,,,第1层(共6层),精装修,商业街商铺,是,"百货超市,服饰鞋包",大成市场 金荷花,大成市场 金荷花 金牛之心,5.00米,4.00米,4.00米,,4.00元/㎡·月,"网络,暖气,停车位,客梯,货梯,扶梯,中央空调,外摆区",2019/6/21 19:11:23,https://cd.shop.fang.com/zu/3_208001089.html
,165000元/月,押一付三,0.00㎡,3000㎡,,,第1层(共6层),精装修,商业街商铺,否,酒店宾馆,华商金融中心,高新区金融城交子大道（天府国际金融中心旁）,12.00米,18.00米,4.00米,客梯0个，货梯0个,6.00元/㎡·月,,2019/7/11 9:58:28,https://cd.shop.fang.com/zu/3_208191143.html
,80元/月,租金已包含,1999-01-01,,,,简装修,其他,否,九龙广场,,客梯8个，货梯4个,15.00米,20.00米,5.00米,九龙广场,98594.00㎡,1500㎡,,2019/9/2 23:40:09,https://cd.shop.fang.com/zu/3_208808223.html
,97500元/月,押一付三,0.00㎡,,,,第10层(共10层),简装修,写字楼配套底商,否,"百货超市,酒店宾馆,家居建材,服饰鞋包,生活服务,美容美发,餐饮美食,休闲娱乐",百悦城plus商铺,大面街道新建路118号,50.00米,25.00米,6.00米,客梯0个，货梯0个,5.00元/㎡·月,"网络,暖气,停车位,客梯,货梯,扶梯,中央空调,上水,下水,可明火,排烟,排污,燃气,外摆区",2019/8/28 9:53:02,https://cd.shop.fang.com/zu/3_208739880.html
,135000元/月,押一付三,0.00㎡,,,,第-3层(共20层),简装修,商业街商铺,是,,武侯万达广场商铺,四川省成都市武侯区聚龙路988号(武侯立交外侧300米),15.00米,5.00米,6.00米,客梯0个，货梯0个,2.50元/㎡·月,,2019/8/9 11:34:52,https://cd.shop.fang.com/zu/3_208525094.html
,94500元/月,租金已包含,暂无,,,,毛坯,其他,否,群光广场,,客梯1个，货梯0个,10.00米,15.00米,6.00米,群光广场,187000.00㎡,270㎡,,2019/9/2 23:50:31,https://cd.shop.fang.com/zu/3_208808252.html
,30000元/月,租金已包含,1999-01-01,,,,精装修,其他,否,九龙广场,,客梯8个，货梯4个,5.00米,6.00米,6.00米,九龙广场,98594.00㎡,35㎡,,2019/8/2 22:42:02,https://cd.shop.fang.com/zu/3_208453559.html
,6000元/月,半年付,60㎡,,,,第1层(共3层),毛坯,住宅底商,否,"百货超市,酒店宾馆,家居建材,服饰鞋包,生活服务,美容美发,餐饮美食,休闲娱乐",滨河春天,滨河春天,6.00米,10.00米,4.80米,,5.00元/㎡·月,"网络,暖气,停车位,客梯,货梯,扶梯,中央空调,上水,下水,可明火,排烟,排污,燃气",2019/9/6 10:01:48,https://cd.shop.fang.com/zu/3_208849083.html
,178378元/月,押二付三,1760000.00㎡,,,,第1层(共2层),精装修,写字楼配套底商,否,,环球中心商铺,成都高新区天府大道北段1700号,10.00米,40.00米,7.90米,客梯4个，货梯1个,14.00元/㎡·月,"上水,下水,排污",2019/9/10 10:26:53,https://cd.shop.fang.com/zu/3_208901945.html
,130元/月,半年付,76.57㎡,,,,第1层(共32层),毛坯,住宅底商,否,,光华大道洲际春天广场 亚洲湾 地铁口商铺 住宅底商,温泉大道二段177号,3.20米,20.00米,6.00米,,4.50元/㎡·月,"上水,下水,排污,外摆区",2019/7/21 15:37:15,https://cd.shop.fang.com/zu/3_208309298.html
,25000元/月,租金已包含,暂无,,,,精装修,其他,否,群光广场,,客梯1个，货梯0个,11.00米,6.00米,5.00米,群光广场,187000.00㎡,80㎡,,2019/8/2 22:44:41,https://cd.shop.fang.com/zu/3_208453580.html
,8311元/月,押一付三,48.6㎡,,,,第1层(共2层),精装修,临街门面,是,"百货超市,酒店宾馆,家居建材,服饰鞋包,生活服务,美容美发,餐饮美食,休闲娱乐",朗基天香商铺 大源 金融城 软件园 孵化园,四川省成都市武侯区吉泰六路99,4.50米,9.00米,6.00米,,5.00元/㎡·月,"网络,暖气,停车位,客梯,货梯,扶梯,中央空调,上水,下水,可明火,排烟,排污,燃气,外摆区",2019/9/3 10:32:38,https://cd.shop.fang.com/zu/3_208810490.html
,80元/月,租金已包含,1999-01-01,,,,精装修,其他,否,九龙广场,,客梯8个，货梯4个,15.00米,10.00米,6.00米,九龙广场,98594.00㎡,200㎡,,2019/9/2 23:46:17,https://cd.shop.fang.com/zu/3_208808236.html
,580000元/月,面议,14500㎡,,,,第1层(共6层),毛坯,其他,否,学、校，医院,邻里中心,邻里中心,100.00米,100.00米,6.00米,,1.00元/㎡·月,"网络,暖气,停车位,客梯,货梯,中央空调,上水,下水,可明火,排烟,排污,燃气,外摆区",2019/9/7 15:55:19,https://cd.shop.fang.com/zu/3_208871631.html
,35600元/月,押一付三,445㎡,,,,第2层(共3层),精装修,商业街商铺,否,"百货超市,酒店宾馆,家居建材,服饰鞋包,生活服务,美容美发,餐饮美食,休闲娱乐",龙城国际,龙城国际,25.00米,26.00米,4.80米,,5.00元/㎡·月,"网络,暖气,停车位,客梯,货梯,扶梯,中央空调,上水,下水,可明火,排烟,排污,燃气",2019/8/31 18:18:46,https://cd.shop.fang.com/zu/3_208785506.html
,66000元/月,租金已包含,1999-01-01,,,,精装修,其他,否,九龙广场,,客梯8个，货梯4个,12.00米,10.00米,2.00米,九龙广场,98594.00㎡,120㎡,,2019/9/2 23:29:44,https://cd.shop.fang.com/zu/3_208808186.html
,254826元/月,押一付三,1760000.00㎡,,,,第1层(共2层),精装修,写字楼配套底商,否,,环球中心商铺,成都高新区天府大道北段1700号,8.00米,60.00米,7.90米,客梯4个，货梯1个,14.00元/㎡·月,,2019/8/19 14:00:49,https://cd.shop.fang.com/zu/3_208643266.html
,10000元/月,押一付三,16649.99㎡,20㎡,,,第1层(共11层),精装修,商业街商铺,是,"百货超市,家居建材,服饰鞋包,生活服务,美容美发,餐饮美食,休闲娱乐",EGO潮流广场,春熙路上东大街133号,4.00米,5.00米,5.00米,客梯0个，货梯0个,2.00元/㎡·月,"网络,暖气,停车位,客梯,货梯,扶梯,中央空调,上水,下水,燃气,外摆区",2019/7/17 15:39:03,https://cd.shop.fang.com/zu/3_208261481.html
,50000元/月,租金已包含,1999-01-01,,,,精装修,其他,否,九龙广场,,客梯8个，货梯4个,10.00米,12.00米,6.00米,九龙广场,98594.00㎡,120㎡,,2019/8/2 22:53:19,https://cd.shop.fang.com/zu/3_208453661.html
,16500元/月,半年付,300㎡,,,,第2层(共3层),毛坯,住宅底商,是,"百货超市,酒店宾馆,家居建材,服饰鞋包,生活服务,美容美发,餐饮美食,休闲娱乐",滨河春天,滨河春天,20.00米,15.00米,4.20米,,5.00元/㎡·月,"网络,暖气,停车位,客梯,货梯,扶梯,中央空调,上水,下水,可明火,排烟,排污,燃气,外摆区",2019/9/1 15:28:50,https://cd.shop.fang.com/zu/3_208794388.html
,120元/月,租金已包含,1999-01-01,,,,精装修,其他,否,九龙广场,,客梯8个，货梯4个,10.00米,1.00米,6.00米,九龙广场,98594.00㎡,2100㎡,,2019/9/2 23:48:08,https://cd.shop.fang.com/zu/3_208808243.html
,10000元/月,租金已包含,暂无,,,,精装修,其他,否,EGO潮流广场,,客梯0个，货梯0个,4.00米,5.00米,5.00米,EGO潮流广场,16649.99㎡,24㎡,,2019/8/2 22:52:40,https://cd.shop.fang.com/zu/3_208453652.html
,35000元/月,押一付三,55600.00㎡,110㎡,,,第1层(共10层),,商业街商铺,否,"生活服务,美容美发,餐饮美食,休闲娱乐",太升通讯中心,太升南路136号,8.00米,10.00米,4.00米,客梯3个，货梯1个,2.00元/㎡·月,,2019/8/26 20:58:03,https://cd.shop.fang.com/zu/3_208726503.html
,58元/月,押一付三,1760000.00㎡,,,,第3层(共22层),毛坯,商业街商铺,是,"生活服务,美容美发,餐饮美食",环球中心商铺,成都高新区天府大道北段1700号,27.00米,10.00米,6.00米,客梯4个，货梯1个,14.00元/㎡·月,,2019/8/14 10:36:18,https://cd.shop.fang.com/zu/3_208580646.html
,17500元/月,租金已包含,1999-01-01,,,,精装修,其他,否,九龙广场,,客梯8个，货梯4个,5.00米,6.00米,6.00米,九龙广场,98594.00㎡,32㎡,,2019/9/2 23:22:34,https://cd.shop.fang.com/zu/3_208808159.html
,175元/月,押一付三,43.00㎡,,,,第1层(共1层),毛坯,商业街商铺,否,,蜀都中心商铺,天府二街138号,5.00米,10.00米,5.90米,客梯0个，货梯0个,8.00元/㎡·月,"上水,下水,排烟",2019/8/30 10:49:04,https://cd.shop.fang.com/zu/3_208765931.html
,65元/月,半年付,217㎡,,,,第2层(共3层),毛坯,住宅底商,否,"百货超市,酒店宾馆,家居建材,服饰鞋包,生活服务,美容美发,餐饮美食,休闲娱乐",金牛区,五块石,20.00米,10.00米,6.00米,,租金已包含,"网络,暖气,停车位,客梯,货梯,扶梯,中央空调,上水,下水,可明火,排烟,排污,燃气,外摆区",2019/9/8 10:56:14,https://cd.shop.fang.com/zu/3_208880156.html
,10000元/月,押一付三,100000.00㎡,21㎡,,,第1层(共33层),精装修,商业街商铺,否,"百货超市,家居建材,服饰鞋包,生活服务,美容美发,餐饮美食,休闲娱乐",银石广场商铺,红星路三段99号,3.00米,7.00米,5.00米,客梯30个，货梯0个,5.00元/㎡·月,"网络,暖气,停车位,客梯,货梯,扶梯,中央空调,上水,下水,可明火,排烟,排污,燃气",2019/9/5 14:44:22,https://cd.shop.fang.com/zu/3_208840348.html
,9000元/月,押一付三,16649.99㎡,16㎡,,,第1层(共11层),精装修,商业街商铺,否,"百货超市,家居建材,服饰鞋包,生活服务,美容美发,餐饮美食",EGO潮流广场,春熙路上东大街133号,4.00米,4.00米,3.00米,客梯0个，货梯0个,2.00元/㎡·月,"网络,暖气,停车位,客梯,货梯,扶梯,中央空调,上水,下水,外摆区",2019/7/18 16:24:53,https://cd.shop.fang.com/zu/3_208274062.html
,32000元/月,半年付,400㎡,,,,第2层(共2层),毛坯,住宅底商,否,"百货超市,酒店宾馆,家居建材,服饰鞋包,生活服务,美容美发,餐饮美食,休闲娱乐",高新西区,滨河春天,20.00米,20.00米,5.00米,,租金已包含,"网络,暖气,停车位,客梯,货梯,扶梯,中央空调,上水,下水,可明火,排烟,排污,燃气,外摆区",2019/9/6 10:29:28,https://cd.shop.fang.com/zu/3_208849930.html
,40000元/月,押一付三,40㎡,39㎡,,,第1层(共1层),精装修,临街门面,否,"百货超市,服饰鞋包,生活服务,美容美发,餐饮美食,休闲娱乐",春熙路,春熙路,4.00米,10.00米,5.00米,,租金已包含,"网络,暖气,停车位,客梯,货梯,扶梯,中央空调,上水,下水,可明火,排烟,排污,燃气,外摆区",2019/9/8 19:58:47,https://cd.shop.fang.com/zu/3_208887787.html
,130元/月,年付,131.71㎡,,,,第1层(共32层),毛坯,住宅底商,否,,洲际春天广场 亚洲湾现铺招租 地铁口 学校铺,温泉大道二段177号,4.20米,18.00米,6.00米,,4.50元/㎡·月,"上水,下水,排污,外摆区",2019/7/21 14:50:11,https://cd.shop.fang.com/zu/3_208308584.html
,9000元/月,押三付一,187000.00㎡,19㎡,,,第1层(共1层),精装修,住宅底商,否,餐饮美食,群光广场,春熙路南口,4.00米,5.00米,5.00米,客梯1个，货梯0个,2.00元/㎡·月,"网络,暖气,停车位,客梯,货梯,扶梯,中央空调,上水,下水,可明火,排烟,排污,燃气,外摆区",2019/8/22 14:23:36,https://cd.shop.fang.com/zu/3_208675289.html
,16800元/月,半年付,100000.00㎡,20㎡,,,第1层(共1层),精装修,商业街商铺,否,"服饰鞋包,美容美发,餐饮美食",银石广场商铺,红星路三段99号,4.00米,5.00米,5.00米,客梯30个，货梯0个,租金已包含,"网络,暖气,停车位,客梯,货梯,扶梯,中央空调,上水,下水,排污,燃气,外摆区",2019/8/2 22:09:01,https://cd.shop.fang.com/zu/3_208453407.html
,241200元/月,押一付三,356640.00㎡,6000㎡,,,第1层(共6层),精装修,住宅底商,否,酒店宾馆,红牌楼广场商铺,二环南四段佳灵路7号,23.00米,20.00米,5.00米,客梯6个，货梯2个,3.00元/㎡·月,,2019/7/7 9:55:14,https://cd.shop.fang.com/zu/3_208154755.html
,20000元/月,半年付,400㎡,,,,第2层(共2层),毛坯,住宅底商,否,"百货超市,酒店宾馆,家居建材,服饰鞋包,生活服务,美容美发,餐饮美食,休闲娱乐",滨河春天,犀浦,20.00米,20.00米,4.50米,,租金已包含,"网络,暖气,停车位,客梯,货梯,扶梯,中央空调,上水,下水,可明火,排烟,排污,燃气,外摆区",2019/9/3 10:19:33,https://cd.shop.fang.com/zu/3_208810167.html
,85000元/月,半年付,500㎡,,,,第1层(共2层),简装修,临街门面,是,"百货超市,酒店宾馆,家居建材,服饰鞋包,生活服务,美容美发,餐饮美食,休闲娱乐",小春熙，尚都广场，春熙路，太古里,尚都广场,20.00米,20.00米,5.10米,,19.00元/㎡·月,"网络,暖气,停车位,客梯,货梯,扶梯,中央空调,上水,下水,可明火,排烟,排污,燃气",2019/6/16 10:24:29,https://cd.shop.fang.com/zu/3_207943175.html
,65元/月,半年付,220㎡,,,,第2层(共3层),毛坯,住宅底商,否,"百货超市,酒店宾馆,家居建材,服饰鞋包,生活服务,美容美发,餐饮美食,休闲娱乐",金牛区,五块石,20.00米,10.00米,6.00米,,租金已包含,"网络,暖气,停车位,客梯,货梯,扶梯,中央空调,上水,下水,可明火,排烟,排污,燃气,外摆区",2019/8/28 9:58:49,https://cd.shop.fang.com/zu/3_208739891.html
,9643元/月,半年付,74.18㎡,70.62㎡,,,第1层(共2层),毛坯,住宅底商,是,"百货超市,酒店宾馆,家居建材,服饰鞋包,生活服务,美容美发,餐饮美食,休闲娱乐,其他",洲际春天广场,温泉大道二段177号,4.00米,20.00米,6.00米,,4.50元/㎡·月,"停车位,上水,下水,排烟,排污,外摆区",2019/7/21 16:10:57,https://cd.shop.fang.com/zu/3_208309875.html
,22000元/月,租金已包含,1999-01-01,,,,精装修,其他,否,九龙广场,,客梯8个，货梯4个,5.00米,6.00米,6.00米,九龙广场,98594.00㎡,30㎡,,2019/8/2 22:45:39,https://cd.shop.fang.com/zu/3_208453589.html
,160000元/月,押一付三,98594.00㎡,1600㎡,,,第1层(共11层),精装修,商业街商铺,否,"百货超市,酒店宾馆,家居建材,服饰鞋包,生活服务,美容美发,餐饮美食,休闲娱乐",九龙广场,成都市青年路8号,40.00米,40.00米,5.00米,客梯8个，货梯4个,10.00元/㎡·月,"网络,暖气,停车位,客梯,货梯,扶梯,中央空调,上水,下水,可明火,排烟,排污,燃气,外摆区",2019/9/6 11:03:09,https://cd.shop.fang.com/zu/3_208850904.html
1万元,9306元/月,押一付三,40000.00㎡,,3个月,带设备转让,第1层(共10层),毛坯,商业街商铺,否,,春熙village,东大街上东大街段111号,8.00米,4.00米,6.00米,客梯7个，货梯2个,23.00元/㎡·月,,2019/8/9 10:04:50,https://cd.shop.fang.com/zu/3_208522939.html
,19350元/月,押二付三,215㎡,190㎡,,,第1层(共26层),精装修,住宅底商,是,"百货超市,酒店宾馆,服饰鞋包,生活服务,美容美发,餐饮美食,休闲娱乐",盐市口 阳光金融大厦,东大街 春熙路 天府广场 一环路 交通路7号,10.00米,19.00米,4.20米,,21.00元/㎡·月,"网络,暖气,停车位,客梯,货梯,扶梯,中央空调,上水,下水,排烟,排污,燃气",2019/9/11 9:09:53,https://cd.shop.fang.com/zu/3_208912067.html
,142500元/月,押二付三,1500㎡,1200㎡,,,第3层(共3层),毛坯,商业街商铺,否,"百货超市,家居建材,服饰鞋包,生活服务,美容美发,餐饮美食,休闲娱乐",锦绣路33号,锦绣路33号,55.00米,21.00米,4.20米,,6.00元/㎡·月,"网络,停车位,客梯,货梯,中央空调,上水,下水,可明火,排烟,排污,燃气",2019/8/20 17:45:41,https://cd.shop.fang.com/zu/3_208655556.html
,10000元/月,租金已包含,1999-01-01,,,,精装修,其他,否,九龙广场,,客梯8个，货梯4个,4.00米,6.00米,5.00米,九龙广场,98594.00㎡,28㎡,,2019/9/2 23:22:30,https://cd.shop.fang.com/zu/3_208808158.html
,10000元/月,租金已包含,暂无,,,,精装修,其他,否,EGO潮流广场,,客梯0个，货梯0个,4.00米,5.00米,3.00米,EGO潮流广场,16649.99㎡,25㎡,,2019/9/2 23:47:36,https://cd.shop.fang.com/zu/3_208808240.html
,10925元/月,押一付三,109.25㎡,104.2㎡,,,第1层(共2层),毛坯,住宅底商,是,"百货超市,酒店宾馆,家居建材,服饰鞋包,生活服务,美容美发,餐饮美食,休闲娱乐,其他",洲际春天广场,温泉大道二段177号,5.00米,20.00米,6.00米,,4.50元/㎡·月,"停车位,上水,下水,排烟,排污,外摆区",2019/7/21 16:01:20,https://cd.shop.fang.com/zu/3_208309788.html
,13200元/月,押一付三,577940.00㎡,,,,第1层(共1层),毛坯,写字楼配套底商,是,,天来国际广场,光华大道与温泉大道交叉口,10.00米,33.00米,3.30米,客梯2个，货梯0个,1.90元/㎡·月,,2019/8/6 16:24:07,https://cd.shop.fang.com/zu/3_208494449.html
,19350元/月,押二付三,215㎡,190㎡,,,第1层(共26层),精装修,住宅底商,是,"百货超市,酒店宾馆,服饰鞋包,生活服务,美容美发,餐饮美食,休闲娱乐",盐市口 阳光金融大厦,东大街 春熙路 天府广场 一环路 交通路7号,10.00米,19.00米,4.20米,,21.00元/㎡·月,"网络,暖气,停车位,客梯,货梯,扶梯,中央空调,上水,下水,排烟,排污,燃气",2019/9/11 8:58:00,https://cd.shop.fang.com/zu/3_208911974.html
,10000元/月,押一付三,100㎡,,,,第1层(共2层),毛坯,住宅底商,否,,滨河春天,滨河春天,8.00米,13.00米,4.50米,,5.00元/㎡·月,"网络,暖气,停车位,客梯,货梯,扶梯,中央空调,上水,下水,排烟,排污,燃气",2019/8/31 18:30:12,https://cd.shop.fang.com/zu/3_208785711.html
,17500元/月,租金已包含,1999-01-01,,,,精装修,商业街商铺,否,九龙广场,,客梯8个，货梯4个,5.00米,6.00米,6.00米,九龙广场,98594.00㎡,32㎡,"网络,暖气,停车位,客梯,货梯,扶梯,中央空调,排污,外摆区",2019/7/31 20:35:26,https://cd.shop.fang.com/zu/3_208425091.html
,150000元/月,押一付三,0.00㎡,639㎡,,,第1层(共3层),简装修,住宅底商,是,"百货超市,酒店宾馆,家居建材,服饰鞋包,生活服务,美容美发,餐饮美食,休闲娱乐,其他",德商御府天骄商铺,锦江路与牧华路交界处向锦江路南500米,25.00米,10.00米,3.00米,客梯0个，货梯0个,租金已包含,"网络,暖气,停车位,客梯,货梯,扶梯,中央空调,上水,下水,可明火,排烟,排污,燃气,外摆区",2019/7/6 19:37:26,https://cd.shop.fang.com/zu/3_208152438.html
,20000元/月,租金已包含,暂无,,,,精装修,其他,否,银石广场商铺,,客梯30个，货梯0个,5.00米,4.00米,5.00米,银石广场商铺,100000.00㎡,32㎡,,2019/9/2 23:37:46,https://cd.shop.fang.com/zu/3_208808215.html
,18000元/月,租金已包含,1999-01-01,,,,精装修,其他,否,九龙广场,,客梯8个，货梯4个,5.00米,6.00米,2.00米,九龙广场,98594.00㎡,30㎡,,2019/9/2 23:39:24,https://cd.shop.fang.com/zu/3_208808221.html
,80元/月,半年付,0.00㎡,125㎡,,,第1层(共1层),毛坯,临街门面,是,"百货超市,酒店宾馆,家居建材,服饰鞋包,生活服务,美容美发,餐饮美食,休闲娱乐",蜀都万达广场商铺,望从东路347号（成灌东路与望丛东路交汇处）,12.50米,10.00米,4.50米,客梯0个，货梯0个,2.00元/㎡·月,"网络,暖气,停车位,客梯,货梯,扶梯,中央空调,上水,下水,可明火,排烟,排污,燃气,外摆区",2019/9/1 15:35:32,https://cd.shop.fang.com/zu/3_208794576.html
,17800元/月,押一付三,100000.00㎡,35㎡,,,第1层(共1层),精装修,商业街商铺,否,"服饰鞋包,餐饮美食,休闲娱乐",银石广场商铺,红星路三段99号,6.00米,6.00米,6.00米,客梯30个，货梯0个,租金已包含,"网络,暖气,停车位,客梯,货梯,扶梯,中央空调,上水,下水,可明火,排烟,排污,燃气,外摆区",2019/8/31 15:28:57,https://cd.shop.fang.com/zu/3_208782954.html
,10000元/月,租金已包含,暂无,,,,精装修,其他,否,EGO潮流广场,,客梯0个，货梯0个,4.00米,5.00米,5.00米,EGO潮流广场,16649.99㎡,24㎡,,2019/8/2 22:52:36,https://cd.shop.fang.com/zu/3_208453651.html
,170元/月,押一付三,43.00㎡,,,,第1层(共1层),毛坯,写字楼配套底商,否,,蜀都中心商铺,天府二街138号,5.00米,6.00米,5.50米,客梯0个，货梯0个,8.00元/㎡·月,,2019/8/21 14:16:49,https://cd.shop.fang.com/zu/3_208663262.html
,70元/月,半年付,10000.00㎡,,,,第2层(共2层),简装修,商业街商铺,是,"百货超市,酒店宾馆,家居建材,服饰鞋包,生活服务,美容美发,餐饮美食,休闲娱乐",交大路42号,交大路42号,30.00米,25.00米,6.00米,客梯0个，货梯0个,租金已包含,"网络,暖气,停车位,客梯,货梯,扶梯,中央空调,上水,下水,排烟,排污,燃气",2019/6/18 17:09:58,https://cd.shop.fang.com/zu/3_207965760.html
,17000元/月,半年付,0.00㎡,,,,第1层(共1层),简装修,住宅底商,否,"百货超市,酒店宾馆,家居建材,服饰鞋包,生活服务,美容美发,餐饮美食,休闲娱乐",荣富西城尚锦商铺,光华大道一段光华东三路580号 (大公园旁）,9.00米,9.00米,6.00米,客梯0个，货梯0个,租金已包含,"网络,暖气,停车位,客梯,货梯,扶梯,中央空调,上水,下水,可明火,排烟,排污,燃气",2019/6/19 10:47:35,https://cd.shop.fang.com/zu/3_207971273.html
,27000元/月,租金已包含,暂无,,,,毛坯,其他,否,群光广场,,客梯1个，货梯0个,2.00米,15.00米,6.00米,群光广场,187000.00㎡,60㎡,,2019/8/2 22:44:05,https://cd.shop.fang.com/zu/3_208453575.html
,120元/月,租金已包含,1999-01-01,,,,精装修,其他,否,九龙广场,,客梯8个，货梯4个,10.00米,1.00米,6.00米,九龙广场,98594.00㎡,2100㎡,,2019/8/2 22:53:50,https://cd.shop.fang.com/zu/3_208453665.html
,60元/月,年付,1235.9㎡,,,,第2层(共35层),毛坯,住宅底商,否,,光华大道洲际春天广场 亚洲湾 地铁口商铺 住宅底商,温泉大道二段177号,41.90米,17.00米,4.20米,,4.50元/㎡·月,"上水,下水,排污,外摆区",2019/7/21 11:42:38,https://cd.shop.fang.com/zu/3_208306477.html
,10000元/月,租金已包含,暂无,,,,精装修,其他,否,银石广场商铺,,客梯30个，货梯0个,4.00米,5.00米,5.00米,银石广场商铺,100000.00㎡,24㎡,,2019/9/2 23:30:37,https://cd.shop.fang.com/zu/3_208808191.html
,27300元/月,押一付三,455㎡,,,,第2层(共2层),精装修,商业街商铺,否,"百货超市,家居建材,服饰鞋包,生活服务,美容美发,餐饮美食,休闲娱乐",龙城国际,龙城国际 红光,20.00米,20.00米,6.00米,,租金已包含,"网络,暖气,停车位,客梯,货梯,扶梯,中央空调,上水,下水,可明火,排烟,排污,燃气",2019/8/17 9:49:54,https://cd.shop.fang.com/zu/3_208617791.html
,70000元/月,面议,1400㎡,,,,第1层(共1层),简装修,临街门面,否,"百货超市,生活服务,美容美发,餐饮美食,休闲娱乐",府河竹苑,府河竹苑,60.00米,18.00米,5.00米,,2.00元/㎡·月,"网络,停车位,中央空调,上水,下水,可明火,排烟,排污,燃气,外摆区",2019/8/12 16:02:43,https://cd.shop.fang.com/zu/3_208564525.html
,10000元/月,押一付三,100000.00㎡,20㎡,,,第1层(共11层),精装修,商业街商铺,否,"百货超市,酒店宾馆,家居建材,服饰鞋包,生活服务,美容美发,餐饮美食,休闲娱乐",银石广场商铺,红星路三段99号,4.00米,5.00米,5.00米,客梯30个，货梯0个,5.00元/㎡·月,"网络,暖气,停车位,客梯,货梯,扶梯,中央空调,上水,下水,可明火,排烟,排污,燃气,外摆区",2019/9/3 15:32:41,https://cd.shop.fang.com/zu/3_208814980.html
,24696元/月,半年付,189.97㎡,180.85㎡,,,第1层(共2层),毛坯,住宅底商,是,"百货超市,酒店宾馆,家居建材,服饰鞋包,生活服务,美容美发,餐饮美食,休闲娱乐,其他",洲际春天广场 地铁铺 无中介费,温泉大道二段177号,9.00米,18.00米,6.00米,,4.50元/㎡·月,"上水,下水,排烟,排污,外摆区",2019/7/21 16:23:29,https://cd.shop.fang.com/zu/3_208310166.html
,10000元/月,租金已包含,暂无,,,,精装修,其他,否,EGO潮流广场,,客梯0个，货梯0个,5.00米,4.00米,3.00米,EGO潮流广场,16649.99㎡,25㎡,,2019/8/2 22:54:35,https://cd.shop.fang.com/zu/3_208453669.html
,10000元/月,押一付三,16649.99㎡,20㎡,,,第1层(共11层),精装修,商业街商铺,是,"百货超市,酒店宾馆,家居建材,服饰鞋包,生活服务,休闲娱乐",EGO潮流广场,春熙路上东大街133号,5.00米,4.00米,3.00米,客梯0个，货梯0个,2.00元/㎡·月,"网络,暖气,停车位,客梯,货梯,扶梯,中央空调,上水,下水,外摆区",2019/7/17 15:42:23,https://cd.shop.fang.com/zu/3_208261527.html
,19200元/月,半年付,240㎡,,,,第1层(共3层),毛坯,住宅底商,否,"百货超市,酒店宾馆,家居建材,服饰鞋包,生活服务,美容美发,餐饮美食,休闲娱乐",滨河春天,滨河春天,12.00米,20.00米,4.80米,,5.00元/㎡·月,"网络,暖气,停车位,客梯,货梯,扶梯,中央空调,上水,下水,可明火,排烟,排污,燃气,外摆区",2019/9/6 10:10:54,https://cd.shop.fang.com/zu/3_208849410.html
,9300元/月,季付,0平,,,,第1层(共2层),"精装修
                                ",住宅底商 ,否,餐饮美食，服饰鞋包，休闲娱乐，美容美发，生活服务，百货超市，家居建材，其他,保利玫瑰花语商铺,"
                                    成都龙城大道(四川师范大成龙旁) ",,,,,,"网络,停车位,客梯",2019/7/23 11:45:16,https://cd.shop.fang.com/zu/1_52956209.html
,85元/月,押一付三,0.00㎡,,,,第-3层(共20层),毛坯,商业街商铺,是,,时代锦绣商铺,武侯大道文昌段与新机场路的交汇处（中天物流园旁）,15.00米,5.00米,6.00米,客梯0个，货梯0个,2.50元/㎡·月,,2019/8/9 11:25:33,https://cd.shop.fang.com/zu/3_208525005.html
,18050元/月,半年付,361㎡,,,,第2层(共5层),毛坯,商业街商铺,否,仅限教育培训行业,绿地468公馆,468公馆,15.00米,32.00米,5.20米,,5.00元/㎡·月,"网络,暖气,停车位,客梯,货梯,扶梯,中央空调,燃气",2019/8/28 14:32:31,https://cd.shop.fang.com/zu/3_208744642.html
,13559元/月,半年付,104.3㎡,88.16㎡,,,第1层(共3层),简装修,住宅底商,是,"百货超市,家居建材,服饰鞋包,生活服务,美容美发,餐饮美食,休闲娱乐",洲际春天广场,温泉大道二段177号,4.00米,24.00米,6.00米,,4.50元/㎡·月,"暖气,停车位,中央空调,上水,下水,排烟,排污,燃气,外摆区",2019/7/18 11:11:09,https://cd.shop.fang.com/zu/3_208269186.html
,9900元/月,押一付三,43.00㎡,,,,第1层(共1层),简装修,商业街商铺,否,,蜀都中心商铺,天府二街138号,5.00米,10.00米,5.90米,客梯0个，货梯0个,8.00元/㎡·月,,2019/8/30 10:44:32,https://cd.shop.fang.com/zu/3_208765814.html
,7500元/月,押一付三,96562.00㎡,83㎡,,,第1层(共2层),简装修,住宅底商,是,"百货超市,酒店宾馆,家居建材,服饰鞋包,生活服务,美容美发,餐饮美食",丽景华庭商铺,武侯区龙腾中路3号,4.00米,17.00米,4.80米,客梯2个，货梯1个,4.00元/㎡·月,"网络,暖气,停车位,中央空调,上水,下水,可明火,排烟,排污,外摆区",2019/8/17 10:30:51,https://cd.shop.fang.com/zu/3_208618715.html
,42140元/月,半年付,400.00㎡,,,,第2层(共2层),简装修,住宅底商,是,"家居建材,生活服务,美容美发,餐饮美食",万科金域名邸商铺,高新区天府二街与南华路交汇处（高新伊藤旁）,30.00米,20.00米,5.00米,客梯1个，货梯1个,6.80元/㎡·月,"网络,停车位,扶梯,中央空调,上水,下水,可明火,排烟,排污,燃气,外摆区",2019/9/4 12:28:59,https://cd.shop.fang.com/zu/3_208824617.html
,17800元/月,租金已包含,暂无,,,,精装修,其他,否,银石广场商铺,,客梯30个，货梯0个,5.00米,6.00米,6.00米,银石广场商铺,100000.00㎡,31㎡,,2019/9/2 23:51:01,https://cd.shop.fang.com/zu/3_208808253.html
,2900元/月,半年付,35㎡,,,,第1层(共1层),毛坯,住宅底商,是,,犀浦商铺，华邑阳光里商铺，傲城商铺，住宅底商,郫都区，金牛区，大丰，校园路商铺，西南交大，电子科,4.00米,8.00米,6.00米,,4.00元/㎡·月,,2019/8/13 15:55:48,https://cd.shop.fang.com/zu/3_208573997.html
,8000元/月,押一付三,100000.00㎡,20㎡,,,第1层(共33层),精装修,商业街商铺,否,"百货超市,服饰鞋包,生活服务,美容美发,餐饮美食,休闲娱乐",银石广场商铺,红星路三段99号,4.00米,5.00米,5.00米,客梯30个，货梯0个,5.00元/㎡·月,"网络,暖气,停车位,客梯,货梯,扶梯,中央空调,上水,下水,可明火,排烟,排污,燃气,外摆区",2019/8/18 11:45:14,https://cd.shop.fang.com/zu/3_208632724.html
,8元/月,租金已包含,暂无,,,,精装修,其他,否,春熙village,,客梯7个，货梯2个,10.00米,4.00米,6.00米,春熙village,40000.00㎡,94㎡,,2019/9/2 23:46:50,https://cd.shop.fang.com/zu/3_208808238.html
,150元/月,押一付三,35㎡,33㎡,,,第1层(共2层),毛坯,住宅底商,是,"服饰鞋包,生活服务,美容美发,餐饮美食,休闲娱乐",铂悦山,龙泉驿区北京路66号（地铁2号线书房站，永辉超市对面,5.00米,6.00米,6.00米,,3.00元/㎡·月,"停车位,客梯,货梯,上水,下水,排烟,排污,外摆区",2019/7/11 15:56:56,https://cd.shop.fang.com/zu/3_208197518.html
,15077元/月,半年付,115.98㎡,111.06㎡,,,第1层(共2层),毛坯,住宅底商,是,"百货超市,酒店宾馆,家居建材,服饰鞋包,生活服务,美容美发,餐饮美食,休闲娱乐,其他",洲际春天广场,温泉大道二段177号,6.00米,11.00米,6.00米,,4.50元/㎡·月,"停车位,上水,下水,排烟,排污,外摆区",2019/7/21 16:38:25,https://cd.shop.fang.com/zu/3_208310392.html
,400000元/月,押一付三,7000㎡,6800㎡,,,第1层(共3层),毛坯,购物中心/百货,是,"百货超市,酒店宾馆,家居建材,美容美发,休闲娱乐",一环路南2段,一环路南二段,28.00米,20.00米,5.00米,,3.00元/㎡·月,,2019/7/23 19:02:16,https://cd.shop.fang.com/zu/3_208332375.html
,700000元/月,押一付三,13000㎡,12000㎡,,,第1层(共4层),毛坯,购物中心/百货,是,"酒店宾馆,家居建材,服饰鞋包",南玻商厦,一环路北一段,25.00米,38.00米,5.00米,,3.00元/㎡·月,"上水,下水",2019/7/22 18:49:34,https://cd.shop.fang.com/zu/3_208320840.html
,5500元/月,租金已包含,暂无,,,,精装修,其他,否,银石广场商铺,,客梯30个，货梯0个,3.00米,5.00米,5.00米,银石广场商铺,100000.00㎡,20㎡,,2019/9/2 23:23:21,https://cd.shop.fang.com/zu/3_208808163.html
,15506元/月,押一付三,103.37㎡,,,,第1层(共4层),毛坯,商业街商铺,否,,润富国际,成都市武侯区交子大道,14.00米,4.00米,6.00米,,6.00元/㎡·月,,2019/8/9 18:35:03,https://cd.shop.fang.com/zu/3_208531742.html
,60元/月,年付,605.66㎡,,,,第3层(共35层),毛坯,住宅底商,否,"百货超市,酒店宾馆,家居建材,服饰鞋包,生活服务,美容美发,餐饮美食,休闲娱乐,其他",光华大道洲际春天广场 亚洲湾 地铁口商铺 住宅底商,温泉大道二段177号,19.00米,20.00米,4.20米,,4.50元/㎡·月,"上水,下水,排污",2019/7/20 17:04:47,https://cd.shop.fang.com/zu/3_208299515.html
,90000元/月,押一付三,1200㎡,1100㎡,,,第2层(共10层),精装修,商业街商铺,否,休闲娱乐,齐力大厦,齐力大厦,50.00米,25.00米,5.00米,,2.00元/㎡·月,,2019/7/21 8:56:56,https://cd.shop.fang.com/zu/3_207240991.html
,22000元/月,租金已包含,暂无,,,,精装修,其他,否,银石广场商铺,,客梯30个，货梯0个,1.00米,1.00米,1.00米,银石广场商铺,100000.00㎡,30㎡,,2019/9/2 23:38:28,https://cd.shop.fang.com/zu/3_208808217.html
,290000元/月,押一付三,130000.00㎡,,,,第2层(共6层),精装修,临街门面,是,"百货超市,酒店宾馆,家居建材,服饰鞋包,生活服务,美容美发,餐饮美食,休闲娱乐",飞大壹号广场商铺,成都市金牛区一环路北三段100号（一环路与解放路交汇处，一环路内侧）,50.00米,20.00米,4.80米,客梯0个，货梯0个,2.80元/㎡·月,"网络,暖气,停车位,客梯,货梯,扶梯,中央空调,上水,下水,可明火,排烟,排污,燃气,外摆区",2019/7/17 10:16:56,https://cd.shop.fang.com/zu/3_208256219.html
,75元/月,押二付三,122㎡,,,,第13层(共15层),精装修,写字楼配套底商,否,生活服务,天府新谷,天府新谷,6.00米,20.00米,3.00米,,5.00元/㎡·月,"网络,暖气,停车位,客梯,货梯,扶梯,中央空调,上水,下水,可明火,排烟,排污,燃气",2019/9/6 10:48:05,https://cd.shop.fang.com/zu/3_208850434.html
,6400元/月,半年付,80㎡,,,,第1层(共2层),毛坯,住宅底商,否,"百货超市,酒店宾馆,家居建材,服饰鞋包,生活服务,美容美发,餐饮美食,休闲娱乐",滨河春天,滨河春天,7.00米,10.00米,5.00米,,租金已包含,"网络,暖气,停车位,客梯,货梯,扶梯,中央空调,上水,下水,可明火,排烟,排污,燃气,外摆区",2019/9/7 10:49:39,https://cd.shop.fang.com/zu/3_208865710.html
,580000元/月,面议,14500㎡,,,,第1层(共6层),精装修,住宅底商,否,"百货超市,酒店宾馆,服饰鞋包,生活服务,美容美发,餐饮美食,休闲娱乐",邻里中心,邻里中心,100.00米,100.00米,6.00米,,1.00元/㎡·月,"网络,暖气,停车位,客梯,货梯,中央空调,上水,下水,可明火,排烟,排污,燃气,外摆区",2019/9/7 16:00:04,https://cd.shop.fang.com/zu/3_208871709.html
,5500元/月,租金已包含,暂无,,,,精装修,其他,否,银石广场商铺,,客梯30个，货梯0个,3.00米,5.00米,5.00米,银石广场商铺,100000.00㎡,20㎡,,2019/8/2 22:51:14,https://cd.shop.fang.com/zu/3_208453640.html
,73000元/月,租金已包含,1999-01-01,,,,精装修,商业街商铺,是,九龙广场,,客梯8个，货梯4个,10.00米,13.00米,6.00米,九龙广场,98594.00㎡,130㎡,"网络,暖气,停车位,客梯,货梯,扶梯,中央空调,外摆区",2019/7/31 20:33:09,https://cd.shop.fang.com/zu/3_208425074.html
,25000元/月,年付,7320.00㎡,16㎡,,,第2层(共4层),精装修,商业街商铺,是,服饰鞋包,蓝光金荷花,北站东一路18号,3.00米,3.00米,4.00米,客梯1个，货梯1个,8.00元/㎡·月,"网络,暖气,停车位,客梯,货梯,扶梯,中央空调,外摆区",2019/6/19 10:48:38,https://cd.shop.fang.com/zu/3_207971302.html
,260000元/月,押一付三,98594.00㎡,1000㎡,,,第1层(共11层),精装修,商业街商铺,否,"百货超市,酒店宾馆,家居建材,服饰鞋包,生活服务,美容美发,餐饮美食,休闲娱乐",九龙广场,成都市青年路8号,30.00米,40.00米,5.00米,客梯8个，货梯4个,10.00元/㎡·月,"网络,暖气,停车位,客梯,货梯,扶梯,中央空调,上水,下水,可明火,排烟,排污,燃气,外摆区",2019/8/17 17:21:46,https://cd.shop.fang.com/zu/3_208625606.html
,650000元/月,押一付三,13000㎡,12000㎡,,,第1层(共18层),毛坯,写字楼配套底商,否,酒店宾馆,薯光国际,天益北街,300.00米,200.00米,4.00米,,2.00元/㎡·月,,2019/7/1 13:48:14,https://cd.shop.fang.com/zu/3_206960114.html
,360元/月,押一付三,0.00㎡,,,,第1层(共2层),简装修,商业街商铺,否,百货超市,绿地GIC商铺,二环路南一段20号（科华中路）,7.00米,10.00米,6.00米,客梯0个，货梯0个,,"网络,暖气,停车位,客梯,货梯,扶梯",2019/9/8 11:38:25,https://cd.shop.fang.com/zu/3_208881182.html
8万元,32000元/月,半年付,200㎡,199㎡,60个月,带设备转让,第1层(共1层),简装修,商业街商铺,否,,洪山北路,洪山北路,10.00米,20.00米,6.00米,,租金已包含,,2019/8/26 21:25:03,https://cd.shop.fang.com/zu/3_208726651.html
,100元/月,租金已包含,暂无,,,,精装修,其他,否,富力天汇MALL,,客梯21个，货梯4个,30.00米,66.00米,5.00米,富力天汇MALL,61000.00㎡,2500㎡,,2019/8/2 22:42:36,https://cd.shop.fang.com/zu/3_208453563.html
,7000元/月,半年付,20㎡,,,,第1层(共3层),精装修,住宅底商,否,百货超市,环球广场,一环路北一段,4.00米,5.00米,5.00米,,2.00元/㎡·月,"网络,暖气,停车位,客梯,货梯,扶梯,中央空调,上水,下水,可明火,排烟,排污,燃气,外摆区",2019/7/3 15:45:39,https://cd.shop.fang.com/zu/3_208117761.html
,16539元/月,押一付三,103.37㎡,,,,第1层(共5层),简装修,商业街商铺,否,,润富国际,成都市武侯区交子大道,14.00米,5.00米,6.00米,,6.00元/㎡·月,,2019/8/9 18:33:01,https://cd.shop.fang.com/zu/3_208531715.html
,130元/月,半年付,115.98㎡,,,,第1层(共35层),毛坯,住宅底商,是,,光华大道洲际春天广场 亚洲湾 地铁口商铺 住宅底商,温泉大道二段177号,6.00米,20.00米,6.00米,,4.50元/㎡·月,"上水,下水,排污,外摆区",2019/7/21 15:30:00,https://cd.shop.fang.com/zu/3_208309246.html
,342000元/月,半年付,3800㎡,3799㎡,,,第3层(共5层),精装修,商业街商铺,是,"百货超市,酒店宾馆,家居建材,服饰鞋包,生活服务,美容美发,餐饮美食,休闲娱乐",锦江市中心 长富花园旁 适合大型酒楼 足浴会所等,五大城区 龙泉 新都 大丰均有项目招租 可随时联系,30.00米,20.00米,6.50米,,15.00元/㎡·月,"网络,暖气,停车位,客梯,货梯,扶梯,中央空调,上水,下水,可明火,排烟,排污,燃气,外摆区",2019/8/30 18:52:44,https://cd.shop.fang.com/zu/3_208773845.html
,35000元/月,租金已包含,1999-01-01,,,,精装修,其他,否,九龙广场,,客梯8个，货梯4个,5.00米,10.00米,4.00米,九龙广场,98594.00㎡,50㎡,,2019/8/2 22:42:15,https://cd.shop.fang.com/zu/3_208453562.html
,60元/月,押一付三,1760000.00㎡,,,,第3层(共28层),毛坯,商业街商铺,否,,环球中心商铺,成都高新区天府大道北段1700号,15.00米,6.00米,5.00米,客梯4个，货梯1个,14.00元/㎡·月,,2019/8/8 17:19:20,https://cd.shop.fang.com/zu/3_208517797.html
,22000元/月,租金已包含,暂无,,,,精装修,其他,否,银石广场商铺,,客梯30个，货梯0个,1.00米,1.00米,1.00米,银石广场商铺,100000.00㎡,30㎡,,2019/9/2 23:48:05,https://cd.shop.fang.com/zu/3_208808242.html
,44800元/月,押二付三,640㎡,,,,第2层(共4层),毛坯,写字楼配套底商,否,"百货超市,酒店宾馆,家居建材,服饰鞋包,生活服务,美容美发,餐饮美食,休闲娱乐",金牛凯德教育城,星河路,32.00米,20.00米,6.00米,,租金已包含,"网络,暖气,停车位,客梯,货梯,扶梯,中央空调,上水,下水,可明火,排烟,排污,燃气",2019/6/15 16:24:22,https://cd.shop.fang.com/zu/3_207936450.html
,150000元/月,半年付,500㎡,467㎡,,,第1层(共3层),精装修,商业街商铺,否,"百货超市,酒店宾馆,家居建材,服饰鞋包,生活服务,美容美发,餐饮美食,休闲娱乐",citypart,高新区，高新西区，郫县，新都，锦江区，成华区，青羊,25.00米,15.00米,6.00米,,5.00元/㎡·月,"网络,暖气,停车位,客梯,货梯,扶梯,中央空调,上水,下水,可明火,排烟,排污,燃气,外摆区",2019/7/12 17:14:02,https://cd.shop.fang.com/zu/3_208210286.html
,9515元/月,半年付,73.19㎡,69.68㎡,,,第1层(共2层),毛坯,住宅底商,是,"百货超市,酒店宾馆,家居建材,服饰鞋包,生活服务,美容美发,餐饮美食,休闲娱乐,其他",洲际春天广场,温泉大道二段177号,6.00米,13.00米,6.00米,,4.50元/㎡·月,"停车位,上水,下水,排烟,排污,外摆区",2019/7/21 16:15:27,https://cd.shop.fang.com/zu/3_208310029.html
,13600元/月,半年付,20㎡,,,,第1层(共1层),精装修,商业街商铺,否,"百货超市,酒店宾馆,家居建材,服饰鞋包,生活服务,美容美发,餐饮美食,休闲娱乐",太古里,太古里 春熙路步行街 大慈寺,5.00米,4.00米,4.00米,,2.00元/㎡·月,"网络,暖气,停车位,客梯,货梯,扶梯,中央空调,上水,下水,可明火,排烟,排污,燃气",2019/6/20 14:52:57,https://cd.shop.fang.com/zu/3_207985647.html
,40000元/月,租金已包含,1999-01-01,,,,精装修,其他,否,九龙广场,,客梯8个，货梯4个,10.00米,10.00米,6.00米,九龙广场,98594.00㎡,120㎡,,2019/8/2 22:47:30,https://cd.shop.fang.com/zu/3_208453609.html
,7800元/月,半年付,60㎡,57.16㎡,,,第1层(共2层),毛坯,住宅底商,是,"百货超市,酒店宾馆,家居建材,服饰鞋包,生活服务,美容美发,餐饮美食,休闲娱乐,其他",洲际春天广场,温泉大道二段177号,6.00米,9.00米,6.00米,,4.50元/㎡·月,"停车位,上水,下水,排烟,排污,外摆区",2019/7/21 16:42:53,https://cd.shop.fang.com/zu/3_208310462.html
,200元/月,押一付三,77㎡,70㎡,,,第1层(共2层),毛坯,住宅底商,是,"百货超市,服饰鞋包,生活服务,美容美发,餐饮美食,休闲娱乐",铂悦山,龙泉驿北京路66号永辉超市对面地铁2号线书房站,7.00米,11.00米,6.00米,,3.00元/㎡·月,"停车位,客梯,排烟,排污,燃气,外摆区",2019/7/11 15:46:22,https://cd.shop.fang.com/zu/3_208197423.html
,60元/月,半年付,1059.47㎡,,,,第2层(共32层),毛坯,住宅底商,是,,光华大道洲际春天广场 亚洲湾 地铁口商铺 住宅底商,温泉大道二段177号,41.00米,20.00米,6.00米,,4.50元/㎡·月,"上水,下水,排烟,外摆区",2019/7/21 15:43:20,https://cd.shop.fang.com/zu/3_208309376.html
,72000元/月,半年付,130000.00㎡,,,,第1层(共1层),简装修,商业街商铺,否,"百货超市,酒店宾馆,家居建材,服饰鞋包,生活服务,美容美发,餐饮美食,休闲娱乐",飞大壹号广场商铺,成都市金牛区一环路北三段100号（一环路与解放路交汇处，一环路内侧）,10.00米,25.00米,6.00米,客梯0个，货梯0个,租金已包含,"网络,暖气,停车位,客梯,货梯,扶梯,中央空调,上水,下水,排烟,排污,燃气",2019/6/18 16:45:54,https://cd.shop.fang.com/zu/3_207965440.html
,15086元/月,押一付三,150.86㎡,143.88㎡,,,第1层(共1层),毛坯,住宅底商,是,"百货超市,酒店宾馆,家居建材,服饰鞋包,生活服务,美容美发,餐饮美食,休闲娱乐,其他",洲际春天广场,温泉大道二段177号,7.00米,18.00米,6.00米,,4.50元/㎡·月,"网络,停车位,客梯,上水,下水,排烟,排污,外摆区",2019/7/21 15:54:54,https://cd.shop.fang.com/zu/3_208309686.html
,40000元/月,租金已包含,1999-01-01,,,,精装修,其他,否,九龙广场,,客梯8个，货梯4个,1.00米,1.00米,1.00米,九龙广场,98594.00㎡,145㎡,,2019/8/2 22:41:50,https://cd.shop.fang.com/zu/3_208453558.html
,82000元/月,押一付三,146㎡,140㎡,,,第1层(共1层),,商业街商铺,否,,武侯祠大街,武侯祠大街,6.00米,15.00米,6.00米,,租金已包含,,2019/8/29 20:02:41,https://cd.shop.fang.com/zu/3_208761823.html
,5132元/月,押一付三,1140.53㎡,1092.63㎡,,,第2层(共2层),毛坯,住宅底商,是,"百货超市,酒店宾馆,家居建材,服饰鞋包,生活服务,美容美发,餐饮美食,休闲娱乐,其他",洲际春天广场,温泉大道二段177号,40.00米,18.00米,4.20米,,4.50元/㎡·月,"网络,停车位,客梯,上水,下水,排烟,排污,外摆区",2019/7/21 15:41:42,https://cd.shop.fang.com/zu/3_208309422.html
6万元,7000元/月,押一付三,20㎡,,2个月,带设备转让,第1层(共2层),精装修,临街门面,是,"生活服务,美容美发,餐饮美食,休闲娱乐",奶茶店转让,沙湾会展中心,3.20米,5.00米,3.00米,,1.00元/㎡·月,"网络,暖气,停车位,扶梯,中央空调,上水,下水,排烟,排污,燃气",2019/7/23 10:32:21,https://cd.shop.fang.com/zu/3_208324934.html
,50429元/月,半年付,0.00㎡,,,,第2层(共3层),精装修,临街门面,否,"百货超市,酒店宾馆,家居建材,服饰鞋包,生活服务,美容美发,餐饮美食,休闲娱乐",卓锦城商铺,成龙大道一段9号,32.00米,20.00米,5.00米,客梯0个，货梯0个,5.00元/㎡·月,"网络,暖气,停车位,客梯,货梯,扶梯,中央空调,上水,下水,可明火,排烟,排污,燃气,外摆区",2019/6/16 16:23:09,https://cd.shop.fang.com/zu/3_207947858.html
,30000元/月,租金已包含,1999-01-01,,,,精装修,其他,否,九龙广场,,客梯8个，货梯4个,5.00米,6.00米,6.00米,九龙广场,98594.00㎡,35㎡,,2019/8/2 22:42:12,https://cd.shop.fang.com/zu/3_208453561.html
,16000元/月,租金已包含,暂无,,,,精装修,其他,否,银石广场商铺,,客梯30个，货梯0个,7.00米,3.00米,5.00米,银石广场商铺,100000.00㎡,24㎡,,2019/8/2 22:52:26,https://cd.shop.fang.com/zu/3_208453649.html
,52800元/月,押一付三,0.00㎡,,,,第1层(共1层),简装修,商业街商铺,是,"百货超市,家居建材,服饰鞋包,生活服务,美容美发,餐饮美食,休闲娱乐",协信中心商铺,府青路2段（府青路二段站点后）,15.00米,15.00米,6.00米,客梯0个，货梯0个,8.00元/㎡·月,"网络,暖气,停车位,客梯,货梯,扶梯,中央空调,上水,下水,可明火,排烟,排污,燃气",2019/8/3 17:50:16,https://cd.shop.fang.com/zu/3_208464125.html
,6800元/月,押一付三,577940.00㎡,,,,第1层(共1层),毛坯,写字楼配套底商,是,,天来国际广场,光华大道与温泉大道交叉口,10.00米,17.00米,3.30米,客梯2个，货梯0个,1.90元/㎡·月,,2019/8/6 16:37:36,https://cd.shop.fang.com/zu/3_208494591.html
,138元/月,押一付三,200000.00㎡,35㎡,,,第1层(共3层),毛坯,商业街商铺,否,"百货超市,酒店宾馆,家居建材,服饰鞋包,生活服务,美容美发,餐饮美食,休闲娱乐",万科金色乐府商铺,圣灯路160号,5.00米,6.15米,4.50米,客梯2个，货梯1个,3.18元/㎡·月,"网络,暖气,停车位,客梯,货梯,扶梯,中央空调,上水,下水,可明火,排烟,排污,燃气,外摆区",2019/8/30 11:50:16,https://cd.shop.fang.com/zu/3_208767333.html
,47300元/月,半年付,215㎡,,,,第1层(共1层),精装修,住宅底商,否,"百货超市,酒店宾馆,家居建材,服饰鞋包,生活服务,美容美发,餐饮美食,休闲娱乐",武侯区2.5环 五大花园 全业态铺6米层高,成华区 金牛区 武侯区 锦江区 青羊区均有,8.00米,20.00米,6.00米,,4.80元/㎡·月,"网络,暖气,停车位,客梯,货梯,扶梯,中央空调,上水,下水,可明火,排烟,排污,燃气,外摆区",2019/9/6 10:27:04,https://cd.shop.fang.com/zu/3_208849869.html
,17573元/月,押一付三,103.37㎡,,,,第1层(共5层),毛坯,商业街商铺,否,,润富国际,成都市武侯区交子大道,14.00米,4.00米,6.00米,,6.00元/㎡·月,,2019/8/9 18:30:04,https://cd.shop.fang.com/zu/3_208531671.html
,5500元/月,租金已包含,暂无,,,,精装修,其他,否,银石广场商铺,,客梯30个，货梯0个,3.00米,5.00米,5.00米,银石广场商铺,100000.00㎡,20㎡,,2019/8/2 22:51:20,https://cd.shop.fang.com/zu/3_208453641.html
,140元/月,押一付三,129.15㎡,,,,第1层(共5层),简装修,住宅底商,是,,润富国际,成都市武侯区交子大道,15.00米,5.00米,6.00米,,6.00元/㎡·月,,2019/8/9 14:45:57,https://cd.shop.fang.com/zu/3_208527594.html
,25500元/月,半年付,300㎡,,,,第1层(共2层),简装修,商业街商铺,否,"百货超市,酒店宾馆,家居建材,服饰鞋包,生活服务,美容美发,餐饮美食,休闲娱乐",金科北路,金科北路地铁D口,30.00米,10.00米,4.80米,,5.00元/㎡·月,"网络,暖气,停车位,客梯,货梯,扶梯,中央空调,上水,下水,可明火,排烟,排污,燃气,外摆区",2019/8/31 18:09:34,https://cd.shop.fang.com/zu/3_208785379.html
,6400元/月,半年付,0.00㎡,70㎡,,,第1层(共1层),毛坯,临街门面,否,"百货超市,酒店宾馆,家居建材,服饰鞋包,生活服务,美容美发,餐饮美食,休闲娱乐",蜀都万达广场商铺,望从东路347号（成灌东路与望丛东路交汇处）,7.00米,10.00米,4.50米,客梯0个，货梯0个,2.00元/㎡·月,"网络,暖气,停车位,客梯,货梯,扶梯,中央空调,上水,下水,可明火,排烟,排污,燃气,外摆区",2019/9/3 14:00:19,https://cd.shop.fang.com/zu/3_208813456.html
,8000元/月,租金已包含,暂无,,,,精装修,商业街商铺,否,EGO潮流广场,,客梯0个，货梯0个,3.00米,4.00米,5.00米,EGO潮流广场,16649.99㎡,16㎡,,2019/9/2 23:25:49,https://cd.shop.fang.com/zu/3_208808173.html
,100元/月,租金已包含,暂无,,,,精装修,其他,否,富力天汇MALL,,客梯21个，货梯4个,30.00米,66.00米,5.00米,富力天汇MALL,61000.00㎡,2500㎡,,2019/9/2 23:53:08,https://cd.shop.fang.com/zu/3_208808260.html
,20000元/月,半年付,500㎡,,,,第3层(共3层),简装修,商业街商铺,是,"百货超市,酒店宾馆,家居建材,服饰鞋包,生活服务,美容美发,餐饮美食,休闲娱乐",融创凯旋公馆,润丰路 蓝光花耍街 西部新兴商贸市场,25.00米,20.00米,6.00米,,租金已包含,"网络,暖气,停车位,客梯,货梯,扶梯,中央空调,上水,下水,可明火,排烟,排污,燃气,外摆区",2019/6/18 17:43:42,https://cd.shop.fang.com/zu/3_207966173.html
,130元/月,半年付,185.05㎡,,,,第1层(共32层),毛坯,住宅底商,否,,温江光华大道新城中心地铁现铺，无中介费!,温泉大道二段177号,9.80米,20.00米,6.00米,,4.50元/㎡·月,"上水,下水,排污,外摆区",2019/7/21 15:25:42,https://cd.shop.fang.com/zu/3_208309199.html
,32240元/月,半年付,248㎡,,,,第1层(共2层),毛坯,临街门面,是,"百货超市,酒店宾馆,家居建材,服饰鞋包,生活服务,美容美发,餐饮美食,休闲娱乐",滨河春天 郫县,滨河春天,30.00米,10.00米,5.00米,,5.00元/㎡·月,"网络,暖气,停车位,客梯,货梯,扶梯,中央空调,上水,下水,可明火,排烟,排污,燃气,外摆区",2019/7/28 17:23:14,https://cd.shop.fang.com/zu/3_208391806.html
,23482元/月,半年付,180.63㎡,152.13㎡,,,第1层(共3层),毛坯,住宅底商,是,"百货超市,酒店宾馆,家居建材,服饰鞋包,生活服务,美容美发,餐饮美食,休闲娱乐,其他",洲际春天广场 亚洲湾 地铁铺,温泉大道二段177号,6.10米,16.00米,6.00米,,4.50元/㎡·月,"停车位,上水,下水,排烟,排污,燃气,外摆区",2019/7/21 11:18:06,https://cd.shop.fang.com/zu/3_208305853.html
,7760元/月,半年付,59.69㎡,57.16㎡,,,第1层(共2层),毛坯,住宅底商,是,,洲际春天广场 亚洲湾 地铁旺铺 学校旺铺,温泉大道二段177号,6.00米,10.50米,6.00米,,4.50元/㎡·月,"停车位,上水,下水,排烟,排污,外摆区",2019/7/12 11:42:58,https://cd.shop.fang.com/zu/3_208205435.html
,50元/月,半年付,500㎡,,,,第2层(共3层),毛坯,住宅底商,否,"百货超市,酒店宾馆,家居建材,服饰鞋包,生活服务,美容美发,餐饮美食,休闲娱乐",CP,滨河春天,25.00米,20.00米,5.00米,,租金已包含,"网络,暖气,停车位,客梯,货梯,扶梯,中央空调,上水,下水,可明火,排烟,排污,燃气,外摆区",2019/9/1 14:34:38,https://cd.shop.fang.com/zu/3_208793538.html
,130元/月,半年付,74.18㎡,,,,第1层(共33层),毛坯,住宅底商,否,"百货超市,酒店宾馆,家居建材,服饰鞋包,生活服务,美容美发,餐饮美食,休闲娱乐,其他",温江光华大道新城中心地铁现铺，无中介费!,温泉大道二段177号,3.30米,21.00米,6.00米,,4.50元/㎡·月,"上水,下水,排污,外摆区",2019/7/21 15:21:57,https://cd.shop.fang.com/zu/3_208309129.html
,135000元/月,押一付三,0.00㎡,,,,第-3层(共20层),精装修,商业街商铺,是,,时代锦绣商铺,武侯大道文昌段与新机场路的交汇处（中天物流园旁）,15.00米,5.00米,6.00米,客梯0个，货梯0个,2.50元/㎡·月,,2019/8/9 11:06:08,https://cd.shop.fang.com/zu/3_208524603.html
,11000元/月,租金已包含,暂无,,,,精装修,其他,否,EGO潮流广场,,客梯0个，货梯0个,4.00米,5.00米,5.00米,EGO潮流广场,16649.99㎡,24㎡,,2019/8/2 22:53:07,https://cd.shop.fang.com/zu/3_208453658.html
,190元/月,押一付三,327203.00㎡,,,,第1层(共1层),简装修,商业街商铺,是,全业态,建发鹭洲里,伊藤洋华堂(中国旗舰店)旁,5.00米,13.00米,6.00米,客梯8个，货梯0个,10.00元/㎡·月,"上水,下水,排污,外摆区",2019/8/22 17:06:12,https://cd.shop.fang.com/zu/3_208678502.html
,41690元/月,半年付,694.84㎡,588.21㎡,,,第3层(共3层),毛坯,临街门面,否,"百货超市,酒店宾馆,家居建材,服饰鞋包,生活服务,美容美发,餐饮美食,休闲娱乐,其他",洲际春天广场,温泉大道二段177号,30.00米,15.00米,4.20米,,4.50元/㎡·月,"停车位,客梯,上水,下水,排烟,排污,外摆区",2019/7/21 15:06:53,https://cd.shop.fang.com/zu/3_208308906.html
,180000元/月,押一付三,0.00㎡,4200㎡,,,第7层(共12层),,写字楼配套底商,否,酒店宾馆,绿地之窗商铺,高新南区天府二街368号,35.00米,12.00米,4.00米,客梯0个，货梯0个,3.00元/㎡·月,,2019/8/1 20:05:20,https://cd.shop.fang.com/zu/3_208437410.html
,102000元/月,半年付,600㎡,,,,第1层(共2层),简装修,临街门面,是,"百货超市,酒店宾馆,家居建材,服饰鞋包,生活服务,美容美发,餐饮美食,休闲娱乐",小春熙，尚都广场，春熙路，太古里,尚都广场,25.00米,20.00米,4.80米,,19.00元/㎡·月,"网络,暖气,停车位,客梯,货梯,扶梯,中央空调,上水,下水,排烟,排污,燃气",2019/6/16 10:36:58,https://cd.shop.fang.com/zu/3_207943507.html
,230000元/月,押二付三,3800㎡,2850㎡,,,第5层(共5层),毛坯,临街门面,是,"酒店宾馆,服饰鞋包,生活服务,美容美发,餐饮美食,休闲娱乐",天府广场春熙路盐市口,长富花园,99.00米,29.00米,6.50米,,15.00元/㎡·月,"网络,暖气,停车位,客梯,货梯,扶梯,中央空调,上水,下水,可明火,排烟,排污,燃气",2019/8/30 14:55:41,https://cd.shop.fang.com/zu/3_208769766.html
,150元/月,押一付三,80.98㎡,,,,第1层(共10层),简装修,住宅底商,否,,润富国际,武侯区交子大道,15.00米,5.00米,6.00米,,6.00元/㎡·月,,2019/8/9 14:20:59,https://cd.shop.fang.com/zu/3_208527090.html
,10000元/月,租金已包含,暂无,,,,精装修,商业街商铺,否,EGO潮流广场,,客梯0个，货梯0个,4.00米,4.00米,4.00米,EGO潮流广场,16649.99㎡,24㎡,,2019/8/2 22:49:09,https://cd.shop.fang.com/zu/3_208453622.html
,7080元/月,押一付三,0.00㎡,53㎡,,,第1层(共1层),毛坯,住宅底商,否,"百货超市,家居建材,服饰鞋包,生活服务,美容美发,餐饮美食,休闲娱乐",恒大未来城商铺,光华新城温泉大道二段（地铁4号线涌泉站D出口约800米）,6.00米,10.00米,6.00米,客梯0个，货梯0个,4.00元/㎡·月,"网络,停车位,上水,下水,可明火,排烟,排污,燃气,外摆区",2019/8/5 14:58:31,https://cd.shop.fang.com/zu/3_208483734.html
,17800元/月,押一付三,100000.00㎡,35㎡,,,第1层(共1层),精装修,商业街商铺,否,"服饰鞋包,餐饮美食,休闲娱乐",银石广场商铺,红星路三段99号,6.00米,6.00米,6.00米,客梯30个，货梯0个,租金已包含,"网络,暖气,停车位,客梯,货梯,扶梯,中央空调,上水,下水,可明火,排烟,排污,燃气,外摆区",2019/8/31 15:16:05,https://cd.shop.fang.com/zu/3_208782763.html
,15200元/月,半年付,380㎡,,,,第3层(共3层),简装修,商业街商铺,是,"百货超市,酒店宾馆,家居建材,服饰鞋包,生活服务,美容美发,餐饮美食,休闲娱乐",融创凯旋公馆,润丰路 蓝光花耍街 西部新兴商贸市场,15.00米,15.00米,6.00米,,租金已包含,"网络,暖气,停车位,客梯,货梯,扶梯,中央空调,上水,下水,可明火,排烟,排污,燃气,外摆区",2019/6/18 17:45:42,https://cd.shop.fang.com/zu/3_207966202.html
,12000元/月,押一付三,150㎡,,,,第1层(共3层),毛坯,住宅底商,否,"百货超市,酒店宾馆,家居建材,服饰鞋包,生活服务,美容美发,餐饮美食,休闲娱乐",滨河春天,滨河春天,8.00米,16.00米,5.40米,,5.00元/㎡·月,"网络,暖气,停车位,客梯,货梯,扶梯,中央空调,上水,下水,可明火,排烟,排污,燃气,外摆区",2019/9/1 15:30:23,https://cd.shop.fang.com/zu/3_208794490.html
,225000元/月,押一付三,98594.00㎡,1220㎡,,,第1层(共11层),精装修,商业街商铺,是,"百货超市,酒店宾馆,服饰鞋包,生活服务,美容美发,餐饮美食,休闲娱乐",九龙广场,成都市青年路8号,31.00米,40.00米,6.00米,客梯8个，货梯4个,10.00元/㎡·月,"网络,暖气,停车位,客梯,货梯,扶梯,中央空调,上水,下水,可明火,排烟,排污,燃气,外摆区",2019/8/23 10:49:56,https://cd.shop.fang.com/zu/3_208685227.html
,229387元/月,押一付三,1760000.00㎡,,,,第1层(共2层),精装修,写字楼配套底商,否,,环球中心商铺,成都高新区天府大道北段1700号,6.00米,70.00米,7.90米,客梯4个，货梯1个,14.00元/㎡·月,,2019/8/20 17:03:57,https://cd.shop.fang.com/zu/3_208655095.html
,108000元/月,半年付,0.00㎡,,,,第3层(共29层),简装修,写字楼配套底商,是,"百货超市,酒店宾馆,家居建材,服饰鞋包,生活服务,美容美发,餐饮美食,休闲娱乐",百悦城plus商铺,大面街道新建路118号,90.00米,20.00米,3.90米,客梯0个，货梯0个,5.00元/㎡·月,"网络,暖气,停车位,客梯,货梯,扶梯,中央空调,上水,下水,可明火,排烟,排污,燃气",2019/8/11 11:52:04,https://cd.shop.fang.com/zu/3_208551415.html
,10000元/月,押一付三,100000.00㎡,16㎡,,,第1层(共33层),精装修,商业街商铺,否,,银石广场商铺,红星路三段99号,4.00米,4.00米,5.00米,客梯30个，货梯0个,5.00元/㎡·月,"网络,暖气,停车位,客梯,货梯,扶梯,中央空调,上水,下水,可明火,排烟,排污,燃气,外摆区",2019/9/1 10:21:54,https://cd.shop.fang.com/zu/3_208789919.html
,12000元/月,租金已包含,暂无,,,,精装修,其他,否,银石广场商铺,,客梯30个，货梯0个,5.00米,3.00米,5.00米,银石广场商铺,100000.00㎡,30㎡,,2019/8/2 22:43:33,https://cd.shop.fang.com/zu/3_208453571.html
,17000元/月,押一付三,100000.00㎡,,,,第1层(共5层),精装修,商业街商铺,否,"服饰鞋包,餐饮美食",银石广场商铺,红星路三段99号,6.00米,5.00米,6.00米,客梯30个，货梯0个,30.00元/㎡·月,"网络,暖气,停车位,客梯,货梯,扶梯,中央空调,上水,下水,排污,外摆区",2019/9/3 14:56:39,https://cd.shop.fang.com/zu/3_208814386.html
,13600元/月,押二付三,340㎡,,,,第2层(共4层),毛坯,临街门面,否,"百货超市,酒店宾馆,家居建材,服饰鞋包,生活服务,美容美发,餐饮美食,休闲娱乐",新都 大丰 春熙路 建设路 蓝光花满庭,融创凯旋公馆,17.00米,20.00米,5.00米,,租金已包含,"网络,暖气,停车位,客梯,货梯,扶梯,中央空调,上水,下水,可明火,排烟,排污,燃气",2019/6/15 17:14:06,https://cd.shop.fang.com/zu/3_207937262.html
,100元/月,半年付,109.25㎡,,,,第1层(共32层),毛坯,住宅底商,否,,温江光华大道新城中心地铁现铺，无中介费!,温泉大道二段177号,4.90米,20.00米,6.00米,,4.50元/㎡·月,"上水,下水,排污,外摆区",2019/7/21 16:02:21,https://cd.shop.fang.com/zu/3_208309819.html
,8000元/月,半年付,100㎡,80㎡,,,第1层(共1层),毛坯,住宅底商,否,"百货超市,酒店宾馆,家居建材,服饰鞋包,生活服务,美容美发,餐饮美食,休闲娱乐",滨河春天,滨河春天,8.00米,10.00米,4.50米,,5.00元/㎡·月,"网络,暖气,停车位,客梯,货梯,扶梯,中央空调,上水,下水,可明火,排烟,排污,燃气,外摆区",2019/9/1 15:24:37,https://cd.shop.fang.com/zu/3_208794407.html
,180000元/月,半年付,40000.00㎡,1999㎡,,,第5层(共5层),毛坯,临街门面,是,"百货超市,酒店宾馆,家居建材,服饰鞋包,生活服务,美容美发,餐饮美食,休闲娱乐",春熙village,东大街上东大街段111号,50.00米,40.00米,6.50米,客梯7个，货梯2个,15.00元/㎡·月,"网络,暖气,停车位,客梯,货梯,扶梯,中央空调,上水,下水,可明火,排烟,排污,燃气",2019/8/30 15:44:52,https://cd.shop.fang.com/zu/3_208770583.html
,179040元/月,押一付三,177979.05㎡,3700㎡,,,第6层(共7层),毛坯,商业街商铺,否,酒店宾馆,东瑞金融中心,天府大道南延线天仁路天和西二街（火车南站旁）,80.00米,48.00米,4.00米,客梯0个，货梯0个,3.00元/㎡·月,"上水,下水,排烟",2019/7/21 8:56:59,https://cd.shop.fang.com/zu/3_207200888.html
,200元/月,租金已包含,1999-01-01,,,,精装修,其他,否,九龙广场,,客梯8个，货梯4个,30.00米,40.00米,5.00米,九龙广场,98594.00㎡,1300㎡,,2019/9/2 23:29:15,https://cd.shop.fang.com/zu/3_208808184.html
,550元/月,押一付三,93㎡,,,,第1层(共1层),简装修,商业街商铺,否,,上善国际,上善国际,8.00米,12.00米,6.00米,,23.00元/㎡·月,,2019/8/12 15:11:11,https://cd.shop.fang.com/zu/3_208563739.html
,78000元/月,押一付三,0.00㎡,,,,第3层(共3层),简装修,住宅底商,否,"百货超市,酒店宾馆,家居建材,服饰鞋包,生活服务,美容美发",百悦城plus商铺,大面街道新建路118号,40.00米,25.00米,6.00米,客梯0个，货梯0个,5.00元/㎡·月,"网络,暖气,停车位,客梯,货梯,扶梯,中央空调,上水,下水,可明火,排烟,排污,燃气",2019/8/28 9:55:23,https://cd.shop.fang.com/zu/3_208739954.html
25万元,33000元/月,押二付三,230㎡,,1个月,带设备转让,第1层(共1层),精装修,临街门面,否,餐饮美食,天仁路,天仁路,6.00米,15.00米,5.00米,,10.00元/㎡·月,"网络,暖气,停车位,扶梯,中央空调,上水,下水,可明火,排烟,排污,燃气,外摆区",2019/9/4 10:50:51,https://cd.shop.fang.com/zu/3_208822566.html
,100元/月,押二付三,1760000.00㎡,,,,第1层(共2层),简装修,写字楼配套底商,否,"百货超市,家居建材,服饰鞋包,生活服务,美容美发,餐饮美食",环球中心商铺,成都高新区天府大道北段1700号,15.00米,20.00米,7.90米,客梯4个，货梯1个,14.00元/㎡·月,"网络,暖气,停车位,客梯,货梯,中央空调,上水,下水,可明火,排烟,排污,燃气",2019/8/19 14:10:32,https://cd.shop.fang.com/zu/3_208643373.html
,350元/月,押一付三,1760000.00㎡,,,,第1层(共2层),简装修,写字楼配套底商,是,,环球中心商铺,成都高新区天府大道北段1700号,10.00米,22.00米,7.90米,客梯4个，货梯1个,25.00元/㎡·月,,2019/8/16 11:16:24,https://cd.shop.fang.com/zu/3_208606569.html
,16000元/月,租金已包含,暂无,,,,精装修,其他,否,银石广场商铺,,客梯30个，货梯0个,7.00米,3.00米,5.00米,银石广场商铺,100000.00㎡,24㎡,,2019/9/2 23:23:17,https://cd.shop.fang.com/zu/3_208808162.html
,63290元/月,半年付,1054.84㎡,1010.09㎡,,,第2层(共2层),毛坯,临街门面,是,"百货超市,酒店宾馆,家居建材,服饰鞋包,生活服务,美容美发,餐饮美食,休闲娱乐,其他",洲际春天广场,温泉大道二段177号,42.00米,20.00米,4.20米,,4.50元/㎡·月,"停车位,上水,下水,排烟,排污,外摆区",2019/7/21 16:54:32,https://cd.shop.fang.com/zu/3_208310642.html
,550元/月,押一付三,24275.82㎡,,,,第1层(共1层),简装修,住宅底商,否,百货超市,智业世纪加州商铺,沙湾东二路1号（金牛政务中心旁）,8.50米,8.00米,4.10米,客梯4个，货梯0个,6.00元/㎡·月,"网络,暖气,停车位,客梯,货梯,扶梯,上水,下水,排烟,排污,外摆区",2019/9/7 18:28:36,https://cd.shop.fang.com/zu/3_208874215.html
,22000元/月,半年付,100㎡,90㎡,,,第1层(共1层),简装修,住宅底商,否,,红楠广场,武侯区红楠广场,10.00米,10.00米,6.00米,,租金已包含,"网络,暖气,停车位,客梯,货梯,扶梯,中央空调,上水,下水,排污",2019/8/22 21:16:53,https://cd.shop.fang.com/zu/3_208681906.html
,8500元/月,租金已包含,1999-01-01,,,,精装修,其他,否,九龙广场,,客梯8个，货梯4个,5.00米,4.00米,2.00米,九龙广场,98594.00㎡,20㎡,,2019/8/2 22:55:59,https://cd.shop.fang.com/zu/3_208453679.html
,20000元/月,租金已包含,暂无,,,,精装修,其他,否,银石广场商铺,,客梯30个，货梯0个,5.00米,4.00米,5.00米,银石广场商铺,100000.00㎡,32㎡,,2019/8/2 22:50:54,https://cd.shop.fang.com/zu/3_208453637.html
,19350元/月,押二付三,215㎡,190㎡,,,第21层(共26层),精装修,住宅底商,是,"百货超市,酒店宾馆,服饰鞋包,生活服务,美容美发,餐饮美食,休闲娱乐",盐市口 阳光金融大厦,东大街 春熙路 天府广场 一环路 交通路7号,10.00米,19.00米,4.20米,,21.00元/㎡·月,"网络,暖气,停车位,客梯,货梯,扶梯,中央空调,上水",2019/9/11 9:27:51,https://cd.shop.fang.com/zu/3_208912319.html
,2808000元/月,押一付三,36000㎡,32000㎡,,,第-2层(共10层),精装修,写字楼配套底商,否,"酒店宾馆,生活服务,休闲娱乐",天府国际金融中心,天府大道,56.00米,20.00米,4.00米,,2.00元/㎡·月,,2019/8/4 17:46:59,https://cd.shop.fang.com/zu/3_208476341.html
,99000元/月,半年付,1800㎡,1500㎡,,,第4层(共4层),毛坯,商业街商铺,否,"百货超市,酒店宾馆,家居建材,服饰鞋包,生活服务,美容美发,餐饮美食,休闲娱乐",金牛区成华区锦江区青羊区,洞子口,50.00米,36.00米,5.00米,,5.00元/㎡·月,"网络,暖气,停车位,客梯,货梯,扶梯,中央空调,上水,下水,可明火,排烟,排污,燃气,外摆区",2019/8/18 10:28:19,https://cd.shop.fang.com/zu/3_208631279.html
,74154元/月,半年付,1235.9㎡,1046.24㎡,,,第2层(共3层),毛坯,临街门面,是,"百货超市,酒店宾馆,家居建材,服饰鞋包,生活服务,美容美发,餐饮美食,休闲娱乐,其他",洲际春天广场,温泉大道二段177号,42.00米,18.00米,4.20米,,4.50元/㎡·月,"停车位,扶梯,上水,下水,排烟,排污,燃气",2019/7/21 10:59:47,https://cd.shop.fang.com/zu/3_208305540.html
,44034元/月,押一付三,366.95㎡,,,,第1层(共3层),简装修,住宅底商,是,,科华北路,科华北路,9.50米,25.50米,6.00米,,18.00元/㎡·月,,2019/8/13 18:36:32,https://cd.shop.fang.com/zu/3_208576449.html
,19000元/月,押一付三,0.00㎡,50㎡,,,第1层(共13层),,商业街商铺,否,"美容美发,餐饮美食,休闲娱乐",桐梓林壹号,成都市高新区盛和二路168号,10.00米,5.00米,5.00米,客梯0个，货梯0个,3.00元/㎡·月,,2019/7/27 8:42:14,https://cd.shop.fang.com/zu/3_208371339.html
,220元/月,半年付,215㎡,200㎡,,,第1层(共1层),毛坯,临街门面,否,"百货超市,酒店宾馆,家居建材,服饰鞋包,生活服务,美容美发,餐饮美食,休闲娱乐",五大花园双楠红牌楼鹭岛国际神仙树,五大花园,20.00米,10.00米,6.00米,,5.00元/㎡·月,"网络,暖气,停车位,客梯,货梯,中央空调,上水,下水,可明火,排烟,排污,燃气,外摆区",2019/9/6 10:11:35,https://cd.shop.fang.com/zu/3_208849441.html
,70元/月,半年付,10000.00㎡,,,,第2层(共2层),简装修,商业街商铺,是,教育培训,交大路42号,交大路42号,20.00米,20.00米,6.00米,客梯0个，货梯0个,租金已包含,"网络,暖气,停车位,客梯,货梯,扶梯,中央空调,上水,下水,排烟,排污,燃气",2019/6/18 17:19:29,https://cd.shop.fang.com/zu/3_207965836.html
,374400元/月,押一付三,55600.00㎡,7000㎡,,,第-1层(共8层),毛坯,购物中心/百货,否,酒店宾馆,太升通讯中心,太升南路136号,28.00米,20.00米,4.00米,客梯3个，货梯1个,5.00元/㎡·月,"上水,下水",2019/8/29 20:39:02,https://cd.shop.fang.com/zu/3_207678454.html
,18850元/月,押三付三,290㎡,,,,第2层(共2层),毛坯,住宅底商,是,"百货超市,酒店宾馆,服饰鞋包,生活服务,美容美发,休闲娱乐",建设路 临街现铺 65/平 200平以上面积招租,建设路,40.00米,60.00米,4.80米,,8.50元/㎡·月,"网络,停车位,客梯,上水,下水,排污",2019/9/3 10:46:32,https://cd.shop.fang.com/zu/3_208810853.html
,70元/月,半年付,495㎡,,,,第2层(共3层),毛坯,住宅底商,否,"百货超市,酒店宾馆,家居建材,服饰鞋包,生活服务,美容美发,餐饮美食,休闲娱乐",龙城国际,龙城国际 红光,13.00米,26.00米,4.80米,,5.00元/㎡·月,"网络,暖气,停车位,客梯,货梯,扶梯,中央空调,上水,下水,排污",2019/8/23 18:35:14,https://cd.shop.fang.com/zu/3_208693098.html
,240000元/月,押一付三,1760000.00㎡,3800㎡,,,第1层(共4层),,写字楼配套底商,否,酒店宾馆,环球中心商铺,成都高新区天府大道北段1700号,35.00米,25.00米,5.00米,客梯4个，货梯1个,3.00元/㎡·月,,2019/7/29 23:47:14,https://cd.shop.fang.com/zu/3_208403283.html
,230000元/月,押二付三,3800㎡,2850㎡,,,第3层(共5层),毛坯,临街门面,是,"百货超市,酒店宾馆,家居建材,服饰鞋包,生活服务,美容美发,餐饮美食,休闲娱乐",春熙路市中心盐市口天府广场,天府广场,99.00米,28.00米,4.50米,,15.00元/㎡·月,"网络,暖气,停车位,客梯,货梯,扶梯,中央空调,上水,下水,可明火,排烟,排污,燃气",2019/8/30 14:58:51,https://cd.shop.fang.com/zu/3_208769816.html
,61800元/月,押一付三,1030㎡,960㎡,,,第2层(共3层),简装修,临街门面,否,"百货超市,酒店宾馆,家居建材,服饰鞋包,生活服务,美容美发,餐饮美食,休闲娱乐",金牛凯德广场 人人乐 贝壳教育城,锦江区 高新区 成华区 武侯区 天府新区 金牛区 人人乐,33.00米,25.00米,5.00米,,5.00元/㎡·月,"网络,暖气,停车位,客梯,货梯,扶梯,中央空调,上水,下水,可明火,排烟,排污,燃气,外摆区",2019/8/20 11:05:29,https://cd.shop.fang.com/zu/3_208650359.html
,20000元/月,年付,7320.00㎡,,,,第2层(共6层),精装修,商业街商铺,是,服饰鞋包,蓝光金荷花,北站东一路18号,4.00米,6.00米,4.00米,客梯1个，货梯1个,1.80元/㎡·月,"网络,暖气,停车位,客梯,货梯,扶梯,中央空调,外摆区",2019/7/10 16:35:42,https://cd.shop.fang.com/zu/3_208186716.html
,270300元/月,押一付三,0.00㎡,5000㎡,,,第1层(共8层),精装修,商业街商铺,否,酒店宾馆,红星国际商铺,锦江区红星路二段159号,30.00米,20.00米,4.00米,客梯0个，货梯0个,2.00元/㎡·月,,2019/7/1 23:18:32,https://cd.shop.fang.com/zu/3_206948572.html
,1700000元/月,押一付三,447025.00㎡,,,,第-1层(共25层),毛坯,住宅底商,否,百货超市,南城都汇商铺,南三环四段宜家对面，市一医院旁成汉中路,100.00米,10.00米,5.50米,客梯4个，货梯4个,5.00元/㎡·月,"网络,暖气,停车位,客梯,货梯,扶梯,中央空调,上水,下水,可明火,排烟,排污,燃气,外摆区",2019/7/28 17:54:15,https://cd.shop.fang.com/zu/3_208392118.html
,400000元/月,半年付,5000㎡,4999㎡,,,第3层(共5层),毛坯,临街门面,是,"百货超市,酒店宾馆,家居建材,服饰鞋包,生活服务,美容美发,餐饮美食,休闲娱乐",青羊区成华区武侯区锦江区金牛王,春熙路天府广场盐市口红星路,99.00米,50.00米,6.50米,,15.00元/㎡·月,"网络,暖气,停车位,客梯,货梯,扶梯,中央空调,上水,下水,可明火,排烟,排污,燃气",2019/8/30 18:09:21,https://cd.shop.fang.com/zu/3_208773118.html
,150元/月,押一付三,129.15㎡,,,,第1层(共10层),简装修,住宅底商,是,,润富国际,成都市武侯区交子大道,15.00米,6.00米,6.00米,,6.00元/㎡·月,,2019/8/9 14:42:53,https://cd.shop.fang.com/zu/3_208527537.html
,126360元/月,面议,2106㎡,,,,第1层(共4层),精装修,写字楼配套底商,是,"百货超市,酒店宾馆,家居建材,服饰鞋包,生活服务,美容美发,餐饮美食,休闲娱乐",天府新区兴隆湖畔,晟天能源大厦,40.00米,50.00米,2.60米,,8.00元/㎡·月,"网络,暖气,停车位,客梯,货梯,扶梯,中央空调,上水,下水,可明火,排烟,排污,燃气,外摆区",2019/6/25 11:45:35,https://cd.shop.fang.com/zu/3_208034945.html
,120000元/月,押一付三,98594.00㎡,1300㎡,,,第1层(共1层),简装修,商业街商铺,是,"百货超市,服饰鞋包,生活服务,美容美发,餐饮美食,休闲娱乐",九龙广场,成都市青年路8号,15.00米,20.00米,5.00米,客梯8个，货梯4个,10.00元/㎡·月,"网络,暖气,停车位,客梯,货梯,扶梯,中央空调,上水,下水,可明火,排烟,排污,燃气,外摆区",2019/8/23 10:43:03,https://cd.shop.fang.com/zu/3_208685014.html
,23000元/月,半年付,98㎡,,,,第1层(共3层),简装修,住宅底商,否,百货超市,环球广场,一环路北一段,8.00米,12.00米,5.00米,,2.00元/㎡·月,"网络,暖气,停车位,客梯,货梯,扶梯,中央空调,上水,下水,可明火,排烟,排污,燃气,外摆区",2019/7/3 16:06:37,https://cd.shop.fang.com/zu/3_208118072.html
,75000元/月,半年付,0.00㎡,1400㎡,,,第2层(共4层),毛坯,住宅底商,否,教育培训,人居东御佲家商铺,成都市锦江区牡丹街（七中育才三圣分校旁）,50.00米,30.00米,5.00米,客梯2个，货梯2个,8.00元/㎡·月,"网络,暖气,停车位,客梯,货梯,扶梯,中央空调,上水,下水,可明火,排烟,排污,燃气",2019/8/23 16:38:04,https://cd.shop.fang.com/zu/3_208691024.html
,27300元/月,押一付三,455㎡,,,,第2层(共2层),简装修,商业街商铺,否,"百货超市,家居建材,服饰鞋包,生活服务,美容美发,餐饮美食,休闲娱乐",龙城国际,龙城国际 红光,20.00米,20.00米,6.00米,,租金已包含,"网络,暖气,停车位,客梯,货梯,扶梯,中央空调,上水,下水,可明火,排烟,排污,燃气",2019/8/17 10:01:57,https://cd.shop.fang.com/zu/3_208618027.html
,75000元/月,半年付,1000㎡,,,,第2层(共2层),简装修,临街门面,否,"百货超市,酒店宾馆,家居建材,服饰鞋包,生活服务,美容美发,餐饮美食,休闲娱乐",首创光和城,首创光和城,30.00米,30.00米,6.00米,,租金已包含,"网络,暖气,停车位,客梯,货梯,扶梯,中央空调,上水,下水,可明火,排烟,排污,燃气",2019/6/15 18:20:47,https://cd.shop.fang.com/zu/3_207938331.html
,6400元/月,半年付,40㎡,,,,第1层(共1层),简装修,临街门面,是,"百货超市,酒店宾馆,家居建材,服饰鞋包,生活服务,美容美发,餐饮美食,休闲娱乐",首创光和城,首创光和城,6.00米,5.00米,5.10米,,租金已包含,"网络,暖气,停车位,客梯,货梯,扶梯,中央空调,上水,下水,可明火,排烟,燃气",2019/6/15 18:43:02,https://cd.shop.fang.com/zu/3_207938635.html
,27000元/月,租金已包含,暂无,,,,毛坯,其他,否,群光广场,,客梯1个，货梯0个,2.00米,15.00米,6.00米,群光广场,187000.00㎡,60㎡,,2019/9/2 23:54:34,https://cd.shop.fang.com/zu/3_208808264.html
,70元/月,半年付,593.91㎡,472.81㎡,,,第3层(共5层),毛坯,临街门面,是,"百货超市,酒店宾馆,家居建材,服饰鞋包,生活服务,美容美发,餐饮美食,休闲娱乐,其他",洲际春天广场,温泉大道二段177号,20.00米,20.00米,4.20米,,4.50元/㎡·月,"停车位,客梯,货梯,中央空调,上水,下水,排烟,排污",2019/7/20 17:42:27,https://cd.shop.fang.com/zu/3_208299884.html
,165000元/月,押一付三,354773.00㎡,3000㎡,,,第1层(共6层),精装修,写字楼配套底商,否,酒店宾馆,高盛国际金融中心商铺,金融城地铁口旁,18.00米,20.00米,4.00米,客梯0个，货梯0个,6.00元/㎡·月,,2019/7/11 10:11:06,https://cd.shop.fang.com/zu/3_208191350.html
,7085元/月,押三付三,109㎡,,,,第2层(共2层),毛坯,写字楼配套底商,是,"百货超市,酒店宾馆,服饰鞋包,生活服务,美容美发,餐饮美食,休闲娱乐",建设路 临街现铺 65元/平 100平米以上招租,建设路,30.00米,30.00米,4.80米,,8.50元/㎡·月,"网络,停车位,客梯,上水,下水,排污",2019/9/3 10:59:25,https://cd.shop.fang.com/zu/3_208811152.html
,10000元/月,租金已包含,暂无,,,,精装修,其他,否,EGO潮流广场,,客梯0个，货梯0个,4.00米,5.00米,5.00米,EGO潮流广场,16649.99㎡,24㎡,,2019/9/2 23:28:24,https://cd.shop.fang.com/zu/3_208808183.html
,60558元/月,押一付三,1760000.00㎡,,,,第1层(共2层),简装修,写字楼配套底商,是,,环球中心商铺,成都高新区天府大道北段1700号,10.00米,22.00米,7.90米,客梯4个，货梯1个,25.00元/㎡·月,,2019/8/16 11:06:28,https://cd.shop.fang.com/zu/3_208606322.html
,70元/月,半年付,593.91㎡,,,,第4层(共5层),毛坯,住宅底商,否,,温江光华大道新城中心地铁现铺，无中介费!,温泉大道二段177号,17.10米,17.00米,6.00米,,4.50元/㎡·月,"上水,下水,排污,外摆区",2019/7/21 15:14:44,https://cd.shop.fang.com/zu/3_208309029.html
,21364元/月,押一付三,1760000.00㎡,,,,第3层(共4层),简装修,写字楼配套底商,是,"餐饮美食,休闲娱乐",环球中心商铺,成都高新区天府大道北段1700号,7.00米,32.00米,7.00米,客梯4个，货梯1个,14.00元/㎡·月,"上水,下水,可明火",2019/9/5 15:16:53,https://cd.shop.fang.com/zu/3_208840944.html
,10000元/月,半年付,200㎡,,,,第2层(共2层),简装修,商业街商铺,是,"百货超市,酒店宾馆,家居建材,服饰鞋包,生活服务,美容美发,餐饮美食,休闲娱乐",融创凯旋公馆,润丰路 蓝光花耍街 西部新兴商贸市场,10.00米,15.00米,6.00米,,租金已包含,"网络,暖气,停车位,客梯,货梯,扶梯,中央空调,上水,下水,可明火,排烟,排污,燃气,外摆区",2019/6/18 18:27:20,https://cd.shop.fang.com/zu/3_207966762.html
,25000元/月,半年付,500㎡,,,,第2层(共2层),毛坯,住宅底商,否,"百货超市,酒店宾馆,家居建材,服饰鞋包,生活服务,美容美发,餐饮美食,休闲娱乐",cp,滨河春天,20.00米,20.00米,5.00米,,租金已包含,"网络,暖气,停车位,客梯,货梯,扶梯,中央空调,上水,下水,可明火,排烟,排污,燃气,外摆区",2019/9/5 10:10:02,https://cd.shop.fang.com/zu/3_208834739.html
,22000元/月,半年付,100㎡,90㎡,,,第1层(共1层),,住宅底商,否,,红楠广场,武侯区红楠广场,10.00米,10.00米,6.00米,,租金已包含,,2019/8/22 21:20:14,https://cd.shop.fang.com/zu/3_208681924.html
,9750元/月,半年付,75㎡,71.01㎡,,,第1层(共2层),毛坯,住宅底商,是,"百货超市,酒店宾馆,家居建材,服饰鞋包,生活服务,美容美发,餐饮美食,休闲娱乐,其他",洲际春天广场,温泉大道二段177号,6.00米,15.00米,6.00米,,4.50元/㎡·月,"网络,停车位,上水,下水,排烟,排污,外摆区",2019/7/21 16:45:45,https://cd.shop.fang.com/zu/3_208310520.html
,60元/月,年付,694.84㎡,,,,第3层(共35层),毛坯,临街门面,否,"百货超市,酒店宾馆,家居建材,服饰鞋包,生活服务,美容美发,餐饮美食,休闲娱乐,其他",光华大道洲际春天广场 亚洲湾 地铁口商铺 住宅底商,温泉大道二段177号,37.90米,18.00米,4.20米,,4.50元/㎡·月,"上水,下水,排污,外摆区",2019/7/21 17:05:02,https://cd.shop.fang.com/zu/3_208310847.html
,110元/月,押一付三,5266㎡,,,,第1层(共5层),毛坯,住宅底商,是,,光华大道洲际春天广场 亚洲湾 地铁口商铺 住宅底商,温泉大道二段177号,46.00米,20.00米,6.00米,,4.50元/㎡·月,"停车位,客梯,货梯,上水,下水,排污,外摆区",2019/7/20 16:17:32,https://cd.shop.fang.com/zu/3_208298881.html
,975000元/月,押一付三,13000㎡,11400㎡,,,第1层(共5层),精装修,临街门面,是,不限业态,云龙,云龙酒店,100.00米,100.00米,6.00米,,租金已包含,"网络,暖气,停车位,客梯,货梯,扶梯,中央空调,上水,下水,可明火,排烟,排污,燃气,外摆区",2019/8/4 10:31:07,https://cd.shop.fang.com/zu/3_208469619.html
,54000元/月,押一付三,600㎡,,,,第2层(共7层),简装修,商业街商铺,否,百货超市,大石西路,大石西路,40.00米,15.00米,4.20米,,,"网络,停车位,客梯,货梯,扶梯,中央空调,上水,排污",2019/9/6 12:00:13,https://cd.shop.fang.com/zu/3_208852196.html
,90元/月,押二付三,215㎡,180㎡,,,第21层(共26层),精装修,写字楼配套底商,是,"百货超市,酒店宾馆,服饰鞋包,生活服务,美容美发,餐饮美食,休闲娱乐",盐市口 阳光金融大厦,东大街 春熙路 天府广场 一环路 交通路7号,10.00米,19.00米,4.20米,,21.00元/㎡·月,"网络,暖气,停车位,客梯,货梯,扶梯,中央空调,燃气",2019/9/11 9:20:36,https://cd.shop.fang.com/zu/3_208912212.html
,4800000元/月,押一付三,24000.00㎡,70000㎡,,,第1层(共23层),毛坯,商业街商铺,否,酒店宾馆,中海城南官邸商铺,交子大道119号,38.00米,28.00米,5.00米,客梯0个，货梯0个,3.00元/㎡·月,"上水,下水",2019/7/18 19:55:02,https://cd.shop.fang.com/zu/3_207199384.html
,22000元/月,半年付,100㎡,90㎡,,,第1层(共1层),简装修,住宅底商,否,,红楠广场,武侯区红楠广场,10.00米,10.00米,6.00米,,租金已包含,,2019/8/22 21:18:36,https://cd.shop.fang.com/zu/3_208681915.html
,12000元/月,租金已包含,暂无,,,,精装修,其他,否,银石广场商铺,,客梯30个，货梯0个,5.00米,3.00米,5.00米,银石广场商铺,100000.00㎡,30㎡,,2019/8/2 22:43:29,https://cd.shop.fang.com/zu/3_208453569.html
,50元/月,面议,15000㎡,,,,第1层(共5层),毛坯,购物中心/百货,否,"百货超市,酒店宾馆,家居建材,生活服务,休闲娱乐",天府一街,天府一街,60.00米,50.00米,5.00米,,8.00元/㎡·月,"网络,暖气,停车位,客梯,货梯,扶梯,中央空调,上水,下水,可明火,排烟,排污,燃气,外摆区",2019/9/4 17:17:58,https://cd.shop.fang.com/zu/3_208829433.html
,11000元/月,半年付,220㎡,,,,第1层(共1层),精装修,住宅底商,否,"百货超市,酒店宾馆,家居建材,服饰鞋包,生活服务,美容美发,餐饮美食,休闲娱乐",临河打造滨河春天全业态铺 6个月免租期 带外摆,龙泉驿 成华区 金牛区 武侯区 锦江区 青羊区均有,6.00米,16.00米,4.50米,,5.00元/㎡·月,"网络,暖气,停车位,客梯,货梯,扶梯,中央空调,上水,下水,可明火,排烟,排污,燃气,外摆区",2019/9/3 14:59:16,https://cd.shop.fang.com/zu/3_208814431.html
,130元/月,押一付三,122.22㎡,,,,第1层(共32层),毛坯,住宅底商,是,,光华大道洲际春天广场 亚洲湾 地铁口商铺 住宅底商,温泉大道二段177号,6.00米,16.00米,6.00米,,4.50元/㎡·月,"上水,下水,排污,外摆区",2019/7/21 12:11:02,https://cd.shop.fang.com/zu/3_208306942.html
,480元/月,押一付三,1760000.00㎡,,,,第1层(共2层),精装修,商业街商铺,否,,环球中心商铺,成都高新区天府大道北段1700号,15.00米,35.00米,7.90米,客梯4个，货梯1个,14.00元/㎡·月,,2019/8/17 14:11:24,https://cd.shop.fang.com/zu/3_208622234.html
,8400元/月,租金已包含,暂无,,,,毛坯,其他,否,春熙village,,客梯7个，货梯2个,6.00米,4.30米,4.80米,春熙village,40000.00㎡,30㎡,,2019/9/2 23:54:01,https://cd.shop.fang.com/zu/3_208808263.html
,70000元/月,面议,1760000.00㎡,,,,第1层(共2层),简装修,写字楼配套底商,是,"百货超市,家居建材,服饰鞋包,生活服务,美容美发,餐饮美食,休闲娱乐",环球中心商铺,成都高新区天府大道北段1700号,16.00米,24.00米,7.90米,客梯4个，货梯1个,14.00元/㎡·月,"网络,暖气,停车位,客梯,货梯,中央空调,上水,下水,可明火,排烟,排污,燃气",2019/8/19 14:18:44,https://cd.shop.fang.com/zu/3_208643398.html
,80000元/月,押一付三,146㎡,,,,第1层(共1层),简装修,商业街商铺,否,,武侯祠大街,武侯祠大街,6.00米,15.00米,6.00米,,租金已包含,,2019/8/29 20:13:12,https://cd.shop.fang.com/zu/3_208761884.html
,12000元/月,租金已包含,暂无,,,,简装修,其他,否,春熙village,,客梯7个，货梯2个,3.00米,3.30米,4.80米,春熙village,40000.00㎡,30㎡,,2019/9/2 23:46:24,https://cd.shop.fang.com/zu/3_208808237.html
,60元/月,半年付,593.91㎡,,,,第4层(共5层),毛坯,其他,否,"百货超市,酒店宾馆,家居建材,服饰鞋包,生活服务,美容美发,餐饮美食,休闲娱乐,其他",温江光华大道新城中心地铁现铺，无中介费!,温泉大道二段177号,17.10米,17.00米,6.00米,,4.50元/㎡·月,"上水,下水,排污,外摆区",2019/7/21 15:14:38,https://cd.shop.fang.com/zu/3_208309023.html
,2900元/月,半年付,0.00㎡,,,,第1层(共1层),毛坯,住宅底商,是,"百货超市,家居建材,服饰鞋包,生活服务,美容美发,餐饮美食,休闲娱乐",华邑阳光里商铺,校园路188号（西南交大旁）,4.00米,8.00米,5.80米,客梯0个，货梯0个,4.00元/㎡·月,"下水,排污,外摆区",2019/8/12 20:09:41,https://cd.shop.fang.com/zu/3_208566925.html
,10000元/月,租金已包含,暂无,,,,精装修,商业街商铺,否,EGO潮流广场,,客梯0个，货梯0个,4.00米,4.00米,4.00米,EGO潮流广场,16649.99㎡,24㎡,,2019/8/2 22:52:54,https://cd.shop.fang.com/zu/3_208453654.html
,15400元/月,押一付三,55㎡,,,,第5层(共6层),毛坯,购物中心/百货,否,"生活服务,餐饮美食,休闲娱乐",龙湖紫宸,金牛大道,5.20米,10.00米,4.80米,,7.00元/㎡·月,"网络,暖气,停车位,客梯,货梯,扶梯,中央空调,上水,下水,排烟,排污,外摆区",2019/8/2 14:01:48,https://cd.shop.fang.com/zu/3_208444632.html
,6600元/月,半年付,60㎡,,,,第1层(共1层),简装修,商业街商铺,是,"百货超市,酒店宾馆,家居建材,服饰鞋包,生活服务,美容美发,餐饮美食,休闲娱乐",融创凯旋公馆,润丰路 蓝光花耍街 西部新兴商贸市场,7.00米,7.00米,6.00米,,租金已包含,"网络,暖气,停车位,客梯,货梯,扶梯,中央空调,上水,下水,可明火,排烟,排污,燃气,外摆区",2019/6/18 17:54:12,https://cd.shop.fang.com/zu/3_207966265.html
,60元/月,半年付,390㎡,,,,第4层(共5层),毛坯,住宅底商,否,"百货超市,酒店宾馆,家居建材,服饰鞋包,生活服务,美容美发,餐饮美食,休闲娱乐,其他",光华大道商铺,洲际春天广场,9.00米,23.00米,4.20米,,4.50元/㎡·月,"客梯,上水,下水,排污,燃气",2019/7/17 12:05:54,https://cd.shop.fang.com/zu/3_208258800.html
,22000元/月,押一付三,105㎡,98㎡,,,第1层(共1层),简装修,临街门面,否,"百货超市,家居建材,服饰鞋包,生活服务,美容美发",花牌坊商圈 开间6米 户型方正 周边人气非常旺,花牌坊 金牛区 八宝街 西安北路 抚琴,6.00米,16.00米,4.00米,,2.00元/㎡·月,"上水,下水",2019/7/31 17:19:25,https://cd.shop.fang.com/zu/3_208422456.html
,40000元/月,租金已包含,1999-01-01,,,,精装修,其他,否,九龙广场,,客梯8个，货梯4个,10.00米,10.00米,6.00米,九龙广场,98594.00㎡,120㎡,,2019/8/2 22:47:37,https://cd.shop.fang.com/zu/3_208453608.html
,90000元/月,半年付,0.00㎡,90㎡,,,第1层(共19层),精装修,商业街商铺,否,"家居建材,生活服务,休闲娱乐,其他",香槟广场商铺,成都市锦江区东大街97号,10.00米,12.00米,5.00米,客梯0个，货梯0个,2.00元/㎡·月,,2019/7/1 23:18:18,https://cd.shop.fang.com/zu/3_206950520.html
,80元/月,租金已包含,1999-01-01,,,,精装修,其他,否,九龙广场,,客梯8个，货梯4个,40.00米,30.00米,5.00米,九龙广场,98594.00㎡,1500㎡,,2019/9/2 23:45:54,https://cd.shop.fang.com/zu/3_208808235.html
,21000元/月,半年付,70㎡,,,,第1层(共2层),简装修,临街门面,否,"生活服务, 百货超市, 服饰鞋包, 餐饮美食, 美容美发, 休闲娱乐",锦茂大厦a座,春熙路步行街，潮流服饰，尚都广场，总府路,7.00米,8.00米,4.80米,,租金已包含,"网络,暖气,停车位,客梯,货梯,扶梯,中央空调,上水,下水,可明火,排烟,排污,燃气",2019/6/17 7:46:42,https://cd.shop.fang.com/zu/3_207951518.html
,225139元/月,押一付三,1760000.00㎡,,,,第1层(共2层),精装修,写字楼配套底商,是,,环球中心商铺,成都高新区天府大道北段1700号,6.00米,70.00米,7.90米,客梯4个，货梯1个,14.00元/㎡·月,,2019/8/20 16:59:19,https://cd.shop.fang.com/zu/3_208655046.html
,186872元/月,押一付三,1760000.00㎡,,,,第1层(共2层),精装修,写字楼配套底商,否,展厅,环球中心商铺,成都高新区天府大道北段1700号,10.00米,40.00米,7.90米,客梯4个，货梯1个,14.00元/㎡·月,"上水,下水,排污",2019/9/10 10:33:36,https://cd.shop.fang.com/zu/3_208902114.html
,11000元/月,租金已包含,暂无,,,,精装修,其他,否,EGO潮流广场,,客梯0个，货梯0个,4.00米,5.00米,5.00米,EGO潮流广场,16649.99㎡,24㎡,,2019/8/2 22:53:15,https://cd.shop.fang.com/zu/3_208453659.html
,80元/月,租金已包含,1999-01-01,,,,精装修,其他,否,九龙广场,,客梯8个，货梯4个,50.00米,90.00米,5.00米,九龙广场,98594.00㎡,4600㎡,,2019/9/2 23:53:40,https://cd.shop.fang.com/zu/3_208808261.html
,10000元/月,租金已包含,暂无,,,,精装修,其他,否,EGO潮流广场,,客梯0个，货梯0个,4.00米,5.00米,5.00米,EGO潮流广场,16649.99㎡,25㎡,,2019/9/2 23:35:33,https://cd.shop.fang.com/zu/3_208808208.html
,20000元/月,租金已包含,暂无,,,,精装修,其他,否,银石广场商铺,,客梯30个，货梯0个,5.00米,4.00米,5.00米,银石广场商铺,100000.00㎡,32㎡,,2019/8/2 22:50:51,https://cd.shop.fang.com/zu/3_208453636.html
,130元/月,半年付,59.69㎡,57.16㎡,,,第1层(共2层),毛坯,住宅底商,是,,洲际春天广场 亚洲湾 地铁口商铺 住宅底商,温泉大道二段177号,6.00米,10.50米,6.00米,,4.50元/㎡·月,"上水,下水,排污,外摆区",2019/7/12 11:06:41,https://cd.shop.fang.com/zu/3_208204721.html
,10000元/月,租金已包含,暂无,,,,精装修,其他,否,银石广场商铺,,客梯30个，货梯0个,4.00米,5.00米,5.00米,银石广场商铺,100000.00㎡,24㎡,,2019/9/2 23:33:10,https://cd.shop.fang.com/zu/3_208808202.html
,80元/月,半年付,400㎡,,,,第2层(共2层),毛坯,住宅底商,否,"百货超市,酒店宾馆,家居建材,服饰鞋包,生活服务,美容美发,餐饮美食,休闲娱乐",CP,滨河春天,20.00米,20.00米,4.50米,,租金已包含,"网络,暖气,停车位,客梯,货梯,扶梯,中央空调,上水,下水,可明火,排烟,排污,燃气,外摆区",2019/9/3 10:27:29,https://cd.shop.fang.com/zu/3_208810383.html
,290000元/月,押一付三,130000.00㎡,,,,第1层(共6层),精装修,临街门面,是,"百货超市,酒店宾馆,家居建材,服饰鞋包,生活服务,美容美发,餐饮美食,休闲娱乐",飞大壹号广场商铺,成都市金牛区一环路北三段100号（一环路与解放路交汇处，一环路内侧）,50.00米,20.00米,4.80米,客梯0个，货梯0个,2.80元/㎡·月,"网络,暖气,停车位,客梯,货梯,扶梯,中央空调,上水,下水,可明火,排烟,排污,燃气,外摆区",2019/7/17 10:20:29,https://cd.shop.fang.com/zu/3_208256358.html
,580000元/月,面议,14500㎡,,,,第1层(共6层),精装修,其他,否,医院，学校,邻里中心,邻里中心,100.00米,100.00米,6.00米,,1.00元/㎡·月,"网络,暖气,停车位,客梯,货梯,中央空调,上水,下水,可明火,排烟,排污,燃气,外摆区",2019/9/6 12:04:14,https://cd.shop.fang.com/zu/3_208852253.html
,75元/月,押二付三,260㎡,,,,第2层(共2层),精装修,住宅底商,是,"百货超市,酒店宾馆,家居建材,服饰鞋包,生活服务,美容美发,餐饮美食,休闲娱乐",天府三街 免租期一年起 适合各类餐饮 休闲类,成华区 金牛区 武侯区 锦江区 青羊区均有,8.00米,20.00米,4.50米,,25.00元/㎡·月,"网络,暖气,停车位,客梯,货梯,扶梯,中央空调,上水,下水,可明火,排烟,排污,燃气,外摆区",2019/9/10 14:09:16,https://cd.shop.fang.com/zu/3_208905600.html
,12500元/月,年付,7320.00㎡,,,,第1层(共4层),精装修,商业街商铺,是,服饰鞋包,蓝光金荷花,北站东一路18号,4.00米,4.00米,4.00米,客梯1个，货梯1个,1.80元/㎡·月,"网络,暖气,停车位,客梯,货梯,扶梯,中央空调,外摆区",2019/7/5 10:52:22,https://cd.shop.fang.com/zu/3_208134656.html
,162000元/月,半年付,1800㎡,,,,第3层(共3层),精装修,商业街商铺,是,"百货超市,酒店宾馆,家居建材,服饰鞋包,生活服务,美容美发,餐饮美食,休闲娱乐",毗邻中国四大银行 适合酒店 足浴养生会所 餐饮,成华区 金牛区 武侯区 锦江区 青羊区均有,20.00米,32.00米,4.50米,,15.00元/㎡·月,"网络,暖气,停车位,客梯,货梯,扶梯,中央空调,上水,下水,可明火,排烟,排污,燃气,外摆区",2019/9/4 14:13:00,https://cd.shop.fang.com/zu/3_208826001.html
,160000元/月,面议,98594.00㎡,1650㎡,,,第1层(共11层),精装修,商业街商铺,否,"百货超市,酒店宾馆,家居建材,服饰鞋包,生活服务,美容美发,餐饮美食,休闲娱乐",九龙广场,成都市青年路8号,40.00米,50.00米,5.00米,客梯8个，货梯4个,10.00元/㎡·月,"网络,暖气,停车位,客梯,货梯,扶梯,中央空调,上水,下水,可明火,排烟,排污,燃气,外摆区",2019/8/17 17:13:22,https://cd.shop.fang.com/zu/3_208625472.html
,202500元/月,押一付三,1800000.00㎡,4300㎡,,,第7层(共12层),精装修,写字楼配套底商,否,酒店宾馆,世纪城天鹅湖商铺,天府大道中段177号,30.00米,20.00米,4.00米,客梯2个，货梯1个,2.00元/㎡·月,,2019/9/11 7:47:05,https://cd.shop.fang.com/zu/3_208911723.html
,8000元/月,半年付,100㎡,,,,第1层(共3层),毛坯,住宅底商,否,"百货超市,酒店宾馆,家居建材,服饰鞋包,生活服务,美容美发,餐饮美食,休闲娱乐",滨河春天,滨河春天,8.00米,13.00米,4.80米,,5.00元/㎡·月,"网络,暖气,停车位,客梯,货梯,扶梯,中央空调,上水,下水,可明火,排烟,排污,燃气,外摆区",2019/9/5 19:20:23,https://cd.shop.fang.com/zu/3_208845462.html
,65700元/月,押一付三,550000.00㎡,,,,第1层(共1层),精装修,商业街商铺,否,"百货超市,酒店宾馆,家居建材,服饰鞋包,生活服务,美容美发,餐饮美食,休闲娱乐",龙湖金楠天街商铺,晋吉路与晋吉北路交汇处,80.00米,10.00米,5.00米,客梯7个，货梯9个,8.50元/㎡·月,"网络,暖气,停车位,客梯,货梯,扶梯,中央空调,上水,下水,可明火,排烟,排污,燃气,外摆区",2019/8/28 16:58:30,https://cd.shop.fang.com/zu/3_208747328.html
,4800元/月,半年付,30㎡,,,,第1层(共1层),简装修,临街门面,是,"百货超市,酒店宾馆,家居建材,服饰鞋包,生活服务,美容美发,餐饮美食,休闲娱乐",首创光和城,首创光和城,5.00米,5.00米,4.50米,,租金已包含,"网络,暖气,停车位,客梯,货梯,扶梯,中央空调,上水,下水,可明火,排烟,排污,燃气,外摆区",2019/6/15 18:25:51,https://cd.shop.fang.com/zu/3_207938413.html
,10000元/月,租金已包含,暂无,,,,精装修,商业街商铺,否,EGO潮流广场,,客梯0个，货梯0个,4.00米,4.00米,4.00米,EGO潮流广场,16649.99㎡,24㎡,,2019/8/2 22:53:02,https://cd.shop.fang.com/zu/3_208453656.html
,10000元/月,押一付三,16649.99㎡,,,,第1层(共6层),精装修,商业街商铺,否,服饰鞋包,EGO潮流广场,春熙路上东大街133号,5.00米,4.00米,5.00米,客梯0个，货梯0个,30.00元/㎡·月,"网络,暖气,停车位,客梯,货梯,扶梯,中央空调,外摆区",2019/9/3 15:22:08,https://cd.shop.fang.com/zu/3_208814822.html
,183元/月,押一付三,43.00㎡,,,,第1层(共1层),简装修,写字楼配套底商,否,,蜀都中心商铺,天府二街138号,5.00米,6.00米,5.50米,客梯0个，货梯0个,8.00元/㎡·月,,2019/8/21 14:13:32,https://cd.shop.fang.com/zu/3_208663208.html
,17800元/月,租金已包含,暂无,,,,精装修,其他,否,银石广场商铺,,客梯30个，货梯0个,6.00米,6.00米,6.00米,银石广场商铺,100000.00㎡,36㎡,,2019/9/2 23:36:02,https://cd.shop.fang.com/zu/3_208808210.html
,130元/月,半年付,189.97㎡,,,,第1层(共32层),毛坯,住宅底商,否,,温江光华大道新城中心地铁现铺，无中介费!,温泉大道二段177号,8.10米,18.00米,6.00米,,4.50元/㎡·月,"上水,下水,排污,外摆区",2019/7/21 15:21:40,https://cd.shop.fang.com/zu/3_208309121.html
,10000元/月,押一付三,16649.99㎡,16㎡,,,第1层(共11层),精装修,商业街商铺,否,"百货超市,酒店宾馆,家居建材,服饰鞋包,生活服务,美容美发,餐饮美食,休闲娱乐",EGO潮流广场,春熙路上东大街133号,4.00米,4.00米,5.00米,客梯0个，货梯0个,5.00元/㎡·月,"网络,暖气,停车位,客梯,货梯,扶梯,中央空调,上水,下水,可明火,排烟,排污,燃气,外摆区",2019/9/10 15:59:43,https://cd.shop.fang.com/zu/3_208907449.html
,128000元/月,押一付三,0.00㎡,3000㎡,,,第10层(共14层),精装修,购物中心/百货,否,酒店宾馆,华商金融中心,高新区金融城交子大道（天府国际金融中心旁）,35.00米,20.00米,4.00米,客梯0个，货梯0个,5.00元/㎡·月,,2019/9/11 7:51:03,https://cd.shop.fang.com/zu/3_208911726.html
,9000元/月,租金已包含,暂无,,,,精装修,其他,否,EGO潮流广场,,客梯0个，货梯0个,4.00米,4.00米,3.00米,EGO潮流广场,16649.99㎡,20㎡,,2019/9/2 23:51:21,https://cd.shop.fang.com/zu/3_208808254.html
,650元/月,押一付三,1760000.00㎡,,,,第1层(共2层),精装修,写字楼配套底商,是,,环球中心商铺,成都高新区天府大道北段1700号,8.00米,60.00米,7.90米,客梯4个，货梯1个,14.00元/㎡·月,,2019/8/19 14:02:55,https://cd.shop.fang.com/zu/3_208643286.html
,10000元/月,租金已包含,暂无,,,,精装修,商业街商铺,否,EGO潮流广场,,客梯0个，货梯0个,4.00米,5.00米,5.00米,EGO潮流广场,16649.99㎡,25㎡,,2019/9/2 23:50:27,https://cd.shop.fang.com/zu/3_208808251.html
,14851元/月,押一付三,148.51㎡,141.65㎡,,,第1层(共2层),毛坯,住宅底商,是,"百货超市,酒店宾馆,家居建材,服饰鞋包,生活服务,美容美发,餐饮美食,休闲娱乐,其他",洲际春天广场,温泉大道二段,6.00米,18.00米,6.00米,,4.50元/㎡·月,"停车位,客梯,上水,下水,排烟,排污,外摆区",2019/7/21 15:48:58,https://cd.shop.fang.com/zu/3_208309562.html
,12000元/月,年付,7320.00㎡,,,,第2层(共6层),精装修,商业街商铺,是,服饰鞋包,蓝光金荷花,北站东一路18号,4.00米,3.00米,4.00米,客梯1个，货梯1个,10.00元/㎡·月,"网络,暖气,停车位,客梯,货梯,扶梯,中央空调,外摆区",2019/6/21 10:42:25,https://cd.shop.fang.com/zu/3_207993913.html
,35000元/月,押二付三,500㎡,,,,第2层(共4层),毛坯,写字楼配套底商,否,"百货超市,酒店宾馆,家居建材,服饰鞋包,生活服务,美容美发,餐饮美食,休闲娱乐",金牛凯德教育城,星河路,25.00米,20.00米,6.00米,,租金已包含,"网络,暖气,停车位,客梯,货梯,扶梯,中央空调,上水,下水,可明火,排烟,排污,燃气",2019/6/15 15:58:02,https://cd.shop.fang.com/zu/3_207935964.html
,8000元/月,半年付,100㎡,,,,第1层(共3层),毛坯,住宅底商,否,"百货超市,酒店宾馆,家居建材,服饰鞋包,生活服务,美容美发,餐饮美食,休闲娱乐",滨河春天,滨河春天,8.00米,12.00米,4.80米,,5.00元/㎡·月,"网络,暖气,停车位,客梯,货梯,扶梯,中央空调,上水,下水,可明火,排烟,排污,燃气,外摆区",2019/9/1 15:27:03,https://cd.shop.fang.com/zu/3_208794432.html
,90000元/月,押二付三,1000㎡,999㎡,,,第1层(共1层),精装修,临街门面,否,"百货超市,生活服务,餐饮美食,休闲娱乐",迎宾大道商铺,茶店子,30.00米,30.00米,4.00米,,1.00元/㎡·月,"网络,暖气,停车位,中央空调,上水,下水,可明火,排烟,排污,燃气,外摆区",2019/9/4 9:41:52,https://cd.shop.fang.com/zu/3_208820764.html
,20000元/月,押一付三,98594.00㎡,59㎡,,,第1层(共13层),精装修,住宅底商,是,服饰鞋包,九龙广场,成都市青年路8号,6.00米,10.00米,5.00米,客梯8个，货梯4个,10.00元/㎡·月,"网络,暖气,停车位,客梯,货梯,扶梯,中央空调,上水,下水,可明火,排烟,排污,燃气,外摆区",2019/9/4 16:33:12,https://cd.shop.fang.com/zu/3_208828634.html
,17000元/月,租金已包含,暂无,,,,精装修,其他,否,银石广场商铺,,客梯30个，货梯0个,5.00米,4.00米,5.00米,银石广场商铺,100000.00㎡,20.1㎡,,2019/9/2 23:37:20,https://cd.shop.fang.com/zu/3_208808214.html
,30000元/月,租金已包含,1999-01-01,,,,精装修,商业街商铺,否,九龙广场,,客梯8个，货梯4个,5.00米,6.00米,6.00米,九龙广场,98594.00㎡,35㎡,"网络,暖气,停车位,客梯,货梯,扶梯,中央空调,排污,外摆区",2019/7/31 20:34:30,https://cd.shop.fang.com/zu/3_208425083.html
,87750元/月,押一付三,1950㎡,1900㎡,,,第1层(共5层),精装修,购物中心/百货,否,"酒店宾馆,美容美发",八宝街,八宝街,23.00米,12.00米,4.00米,,2.00元/㎡·月,,2019/8/6 14:41:17,https://cd.shop.fang.com/zu/3_208493073.html
,200元/月,押二付三,1760000.00㎡,,,,第1层(共2层),简装修,写字楼配套底商,否,"百货超市,家居建材,服饰鞋包,生活服务,美容美发,餐饮美食,休闲娱乐",环球中心商铺,成都高新区天府大道北段1700号,10.00米,25.00米,7.90米,客梯4个，货梯1个,14.00元/㎡·月,"网络,暖气,停车位,客梯,货梯,中央空调,上水,下水,可明火,排烟,排污,燃气",2019/9/5 17:51:53,https://cd.shop.fang.com/zu/3_208843992.html
,133000元/月,面议,1400㎡,,,,第3层(共4层),毛坯,住宅底商,否,"百货超市,家居建材,服饰鞋包,生活服务,美容美发,餐饮美食,休闲娱乐",锦绣路33号,锦绣路33号,50.00米,22.00米,4.50米,,5.00元/㎡·月,"网络,停车位,客梯,货梯,扶梯,上水,下水,可明火,排烟,排污,燃气",2019/8/13 13:55:21,https://cd.shop.fang.com/zu/3_208572126.html
,70元/月,半年付,10000.00㎡,,,,第2层(共2层),简装修,商业街商铺,是,"百货超市,酒店宾馆,家居建材,服饰鞋包,生活服务,美容美发,餐饮美食,休闲娱乐",交大路42号,交大路42号,20.00米,15.00米,6.00米,客梯0个，货梯0个,5.00元/㎡·月,"网络,暖气,停车位,客梯,货梯,扶梯,中央空调,上水,下水,排烟,排污,燃气",2019/6/18 17:06:58,https://cd.shop.fang.com/zu/3_207965731.html
,130元/月,半年付,180.63㎡,,,,第1层(共32层),毛坯,住宅底商,否,"百货超市,酒店宾馆,家居建材,服饰鞋包,生活服务,美容美发,餐饮美食,休闲娱乐,其他",温江光华大道新城中心地铁现铺，无中介费!,温泉大道二段177号,6.20米,20.00米,6.00米,,4.50元/㎡·月,"上水,下水,排污,外摆区",2019/7/21 16:56:07,https://cd.shop.fang.com/zu/3_208310603.html
,27000元/月,面议,300㎡,,,,第3层(共3层),毛坯,住宅底商,否,"百货超市,家居建材,服饰鞋包,生活服务,美容美发,餐饮美食,休闲娱乐",和雅嘉御,和雅嘉御,15.00米,15.00米,6.00米,,10.00元/㎡·月,"网络,停车位,客梯,货梯,扶梯,中央空调,上水,下水,排烟,排污,燃气",2019/8/13 10:35:18,https://cd.shop.fang.com/zu/3_208569684.html
,580000元/月,面议,14500㎡,,,,第1层(共6层),精装修,其他,否,学、院，医院,邻里中心,邻里中心,100.00米,100.00米,6.00米,,1.00元/㎡·月,"网络,暖气,停车位,客梯,货梯,中央空调,上水,下水,可明火,排烟,排污,燃气,外摆区",2019/9/6 12:19:10,https://cd.shop.fang.com/zu/3_208852438.html
,360000元/月,押一付三,98594.00㎡,1600㎡,,,第1层(共11层),精装修,商业街商铺,是,"百货超市,家居建材,服饰鞋包,生活服务,美容美发,餐饮美食,休闲娱乐",九龙广场,成都市青年路8号,40.00米,40.00米,5.00米,客梯8个，货梯4个,10.00元/㎡·月,"网络,暖气,停车位,客梯,货梯,扶梯,中央空调,上水,下水,可明火,排烟,排污,燃气,外摆区",2019/8/22 11:28:06,https://cd.shop.fang.com/zu/3_208672877.html
,27300元/月,押三付一,0.00㎡,400㎡,,,第2层(共2层),毛坯,临街门面,否,"百货超市,家居建材,服饰鞋包,生活服务,美容美发,餐饮美食,休闲娱乐",时代睿城商铺,郫县尚华路108号,20.00米,20.00米,5.00米,客梯0个，货梯0个,1.70元/㎡·月,"网络,暖气,停车位,客梯,货梯,扶梯,中央空调,上水,下水,可明火,排烟,排污,燃气,外摆区",2019/8/16 10:51:01,https://cd.shop.fang.com/zu/3_208605942.html
,200元/月,押二付三,1760000.00㎡,,,,第1层(共2层),简装修,写字楼配套底商,是,"百货超市,服饰鞋包,生活服务,美容美发,餐饮美食,休闲娱乐",环球中心商铺,成都高新区天府大道北段1700号,15.00米,20.00米,7.90米,客梯4个，货梯1个,14.00元/㎡·月,"网络,暖气,停车位,客梯,货梯,中央空调,上水,下水,可明火,排烟,排污,燃气",2019/9/5 17:55:19,https://cd.shop.fang.com/zu/3_208844042.html
,50元/月,半年付,620㎡,,,,第3层(共3层),精装修,商业街商铺,是,"百货超市,酒店宾馆,家居建材,服饰鞋包,生活服务,美容美发,餐饮美食,休闲娱乐",全业态现铺 半年免租期 带外摆 无中介费,龙泉驿 成华区 金牛区 武侯区 锦江区 青羊区均有,20.00米,30.00米,4.20米,,5.00元/㎡·月,"网络,暖气,停车位,客梯,货梯,扶梯,中央空调,上水,下水,可明火,排烟,排污,燃气,外摆区",2019/9/3 14:38:17,https://cd.shop.fang.com/zu/3_208814092.html
,45719元/月,半年付,571.49㎡,,,,第2层(共3层),精装修,临街门面,是,"百货超市,酒店宾馆,家居建材,服饰鞋包,生活服务,美容美发,餐饮美食,休闲娱乐",绿地468,锦江，武侯，成华，青羊，金牛，温江，双流，新都,30.00米,20.00米,5.00米,,5.00元/㎡·月,"网络,暖气,停车位,客梯,货梯,扶梯,中央空调,上水,下水,可明火,排烟,排污,燃气,外摆区",2019/6/16 17:28:06,https://cd.shop.fang.com/zu/3_207948792.html
,120000元/月,押一付三,98594.00㎡,1200㎡,,,第1层(共22层),精装修,商业街商铺,是,"百货超市,酒店宾馆,服饰鞋包,生活服务,美容美发,餐饮美食,休闲娱乐",九龙广场,成都市青年路8号,40.00米,30.00米,5.00米,客梯8个，货梯4个,10.00元/㎡·月,"网络,暖气,停车位,客梯,货梯,扶梯,中央空调,上水,下水,可明火,排烟,排污,燃气,外摆区",2019/8/28 10:04:08,https://cd.shop.fang.com/zu/3_208740214.html
,32000元/月,半年付,200㎡,199㎡,,,第1层(共1层),简装修,商业街商铺,否,,洪山北路,洪山北路,10.00米,20.00米,6.00米,,租金已包含,,2019/8/26 21:26:51,https://cd.shop.fang.com/zu/3_208726656.html
,15000元/月,租金已包含,1999-01-01,,,,精装修,商业街商铺,否,九龙广场,,客梯8个，货梯4个,5.00米,6.00米,6.00米,九龙广场,98594.00㎡,35㎡,"网络,暖气,停车位,客梯,货梯,扶梯,中央空调,排污,外摆区",2019/7/31 20:35:10,https://cd.shop.fang.com/zu/3_208425089.html
