cenggao,floor,function_list,jianzhumianji,jinshen,location,loupandizhi,loupanmingcheng,miankuan,release_date,service_price,shangpu_type,shifoufenge,shihejingying,titile,total_price,url,zhuangxiu
,第1层(共5层),,30㎡,5.40米,"深圳周边区,深圳周边",5.00米,惠州市惠东县亚婆角旅游度假区广惠高速船澳出口旁,6.00米,2019/7/25 13:20:25,0.00元/㎡·月,其他,否,莱蒙水榭湾,临深黄江镇中心 政府合作项目 双地铁口 上市公司运营 租金3,136万,https://sz.shop.fang.com/shou/3_220244017.html,毛坯
,毛坯,,低区(共3层),3.00米,"光明区,公明",5.00米,"
                                    广东省深圳市宝安区华裕路
                                ",4.00米,2019/9/1 13:22:54,50㎡,是,百货超市，服饰鞋包，生活服务，美容美发，餐饮美食，休闲娱乐,"
                                    中粮云景国际",,140万,https://sz.shop.fang.com/shou/1_94544257.html,写字楼配套底商 
5.10米,第1层(共2层),"网络,暖气,停车位,客梯,货梯,中央空调,上水,下水,可明火,排烟,排污,燃气",32㎡,6.00米,"龙华区,民治",宝安龙华民治大道与梅陇路,潜龙鑫茂商铺,5.00米,2019/8/31 11:38:35,0.00元/㎡·月,住宅底商,否,公寓,《佳兆业品牌开发，首付5万买地铁资产，总价仅120万，》,120万,https://sz.shop.fang.com/shou/3_221331764.html,精装修
,精装修,,低区(共4层),5.00米,"龙岗,龙岗中心城",8.00米,"
                                    广东省深圳市龙岗区科苑路龙翔大道31号
                                ",8.50米,2019/8/1 20:23:38,16.5㎡,否,服饰鞋包,"
                                    龙岗世贸中心",,100万,https://sz.shop.fang.com/shou/1_94544200.html,购物中心/百货 
3.00米,45㎡,"上水,下水",47㎡,3.00米,"龙华区,龙华",恒大时尚慧谷,恒大时尚慧谷,3.00米,2019/8/4 22:43:14,3.00元/㎡·月,住宅底商,是,休闲娱乐,龙华公园旁 通天然气带精装修 带阳台85万起,130万,https://sz.shop.fang.com/shou/3_220562790.html,精装修
,第1层(共2层),,34㎡,5.10米,"龙华区,龙华",5.00米,梅龙路与玉龙路交界处,6.00米,2019/8/31 11:43:10,0.00元/㎡·月,其他,否,深圳北站商铺,《龙华佳兆业，总价110万起，首付只要5万，值得关注的产品》,120万,https://sz.shop.fang.com/shou/3_221331945.html,精装修
,第90层(共90层),,163.6㎡,3.00米,"宝安,西乡",5.00米,"宝城76区,锦花路与西乡大道交汇处",4.00米,2019/8/28 18:17:22,0.00元/㎡·月,其他,否,天骄世家商铺,（急售做上市公司的房东）单价6.7万 做15米转角永辉集团的,100万,https://sz.shop.fang.com/shou/3_221262459.html,毛坯
7.00米,第1层(共2层),"网络,暖气,停车位,客梯,货梯,扶梯,中央空调,上水,下水,可明火,排烟,排污,燃气,外摆区",45㎡,8.00米,"光明区,光明",金安路,中粮云景,6.00米,2019/9/2 19:40:05,3.50元/㎡·月,住宅底商,是,"餐饮美食,生活服务,美容美发,家居建材,服饰鞋包,百货超市,酒店宾馆,休闲娱乐",（熊猫卖铺） 地铁口临街铺 70年超长收金 回保绿高 12年回苯,120万,https://sz.shop.fang.com/shou/3_221392797.html,毛坯
7.00米,第4层(共32层),,40㎡,8.00米,"龙岗,龙岗中心城",深圳龙岗大道与龙城大道交汇处,金地龙城中央商铺,6.00米,2019/9/1 12:26:32,6.00元/㎡·月,住宅底商,是,百货超市,地铁-站口-300米，精装 首付45万起,120万,https://sz.shop.fang.com/shou/3_221355847.html,毛坯
,第90层(共90层),,30㎡,3.00米,"龙岗,龙岗中心城",5.00米,深圳市龙岗区龙平东路回龙埔段,4.00米,2019/7/30 11:13:38,0.00元/㎡·月,商业街商铺,否,长江花园商铺,长江花园 临街 地铁口物业 龙岗 回龙埔站,118万,https://sz.shop.fang.com/shou/3_220391904.html,毛坯
3.00米,第15层(共30层),,41㎡,9.00米,"龙岗,龙岗中心城",黄阁路与沙园路交汇处东北角（大运会馆对面）,阳光天健城商铺,4.00米,2019/8/23 11:18:14,0.00元/㎡·月,住宅底商,是,餐饮美食,龙岗大运 700米世茂地标旁 启迪协信科技园 一手精装,145.55万,https://sz.shop.fang.com/shou/3_221116709.html,简装修
5.50米,第1层(共1层),客梯,36㎡,10.00米,"光明区,光明",光明区-光明-公明广场,公明广场,3.60米,2019/8/31 10:34:00,0.00元/㎡·月,商业街商铺,否,百货超市,光明网红一手铺，正地铁口，总价低，首付60万起,108万,https://sz.shop.fang.com/shou/3_221328804.html,简装修
6.00米,第1层(共2层),"上水,下水,可明火,排烟,排污,外摆区",30㎡,7.00米,"东莞,松山湖",华为旁,松山湖 八方荟,4.00米,2019/8/17 11:53:21,5.00元/㎡·月,住宅底商,是,"餐饮美食,生活服务,美容美发,百货超市,家居建材",临深低总价 小面积单位 使用率,100万,https://sz.shop.fang.com/shou/3_220946928.html,精装修
3.00米,第1层(共30层),"网络,暖气,停车位,货梯,扶梯,中央空调,上水,下水,可明火,排烟,排污,燃气",52㎡,4.00米,"宝安,西乡",深圳市宝安区航城大道6-9号,领航城,5.00米,2019/8/29 19:10:38,5.00元/㎡·月,住宅底商,是,百货超市,中粮央企大盘一手开发商，深圳公明单价两万起地铁口红本,150万,https://sz.shop.fang.com/shou/3_221291011.html,简装修
,第1层(共7层),"网络,暖气,停车位,客梯,货梯,扶梯,燃气",32.51㎡,7.00米,"龙华区,龙华",6.00米,龙华镇民治路与布龙公路交汇处往东150米,8.00米,2019/4/23 21:25:16,3.00元/㎡·月,住宅底商,是,华美丽苑商铺,实用面积100%，红本在手龙华一临街铺急售,130万,https://sz.shop.fang.com/shou/3_216515216.html,精装修
7.00米,第2层(共2层),"上水,下水",47㎡,8.00米,"龙华区,龙华",深圳龙华区大浪街道福龙路旁,恒大时尚慧谷,6.00米,2019/8/20 11:17:06,3.00元/㎡·月,住宅底商,是,休闲娱乐,龙华公园旁 通天然气带精装修 带阳台85万起,130万,https://sz.shop.fang.com/shou/3_221028121.html,精装修
,第5层(共5层),"客梯,货梯,扶梯,中央空调",20㎡,4.00米,"罗湖,人民南",6.00米,罗湖火车站广场南路,4.00米,2019/8/28 17:34:02,3.80元/㎡·月,住宅底商,否,罗湖商业城,主通道、租10300/月、一手业主急售145万,145万,https://sz.shop.fang.com/shou/3_221261147.html,毛坯
5.10米,第1层(共3层),"网络,暖气,停车位,中央空调,上水,下水,可明火,排烟,排污,燃气,外摆区",50㎡,5.00米,"龙华区,龙华",龙胜路与景龙建设路交汇处,融创智汇大厦,8.00米,2019/7/21 12:18:27,6.00元/㎡·月,住宅底商,是,"生活服务,餐饮美食,休闲娱乐",√万达团队统一招商运营管理带四厘 买·一 层 送·一层,148万,https://sz.shop.fang.com/shou/3_220119430.html,毛坯
5.10米,第1层(共1层),"网络,暖气,上水,下水,可明火,排烟,排污,燃气",5.1㎡,12.00米,"龙岗,龙岗中心城",深圳龙岗大道与龙城大道交汇处,金地龙城中央商铺,5.00米,2019/8/21 19:57:05,10.00元/㎡·月,商业街商铺,否,"餐饮美食,生活服务,美容美发,家居建材",龙岗中心城一手临街 稳定租约 品牌租客,110万,https://sz.shop.fang.com/shou/3_221073695.html,精装修
5.00米,68㎡,"网络,暖气,停车位,客梯,货梯,扶梯,中央空调,上水,下水,可明火,排烟,排污,燃气,外摆区",73㎡,13.00米,"南山,西丽",万科云街,万科云街,6.00米,2019/9/4 1:03:38,12.00元/㎡·月,住宅底商,是,"休闲娱乐,美容美发,餐饮美食,百货超市,生活服务",香港关注网络红盘！亚洲新第壹大高铁总站大疆无人机新总部基地,149.65万,https://sz.shop.fang.com/shou/3_221424252.html,精装修
5.10米,第1层(共2层),"网络,上水,下水,可明火,排烟,排污,外摆区",50㎡,8.00米,"宝安,西乡",碧海片区（宝安大道与西乡大道交汇处）,中粮鸿云商铺,6.00米,2019/8/26 11:04:25,5.00元/㎡·月,住宅底商,是,"百货超市,家居建材,服饰鞋包,生活服务,美容美发,餐饮美食",70年产权 单价3万起的一手铺位 地铁6号线地铁口沿线 马/上开卖,150万,https://sz.shop.fang.com/shou/3_221194397.html,毛坯
,第1层(共1层),,10㎡,4.50米,"罗湖,东门",5.00米,深圳市罗湖区二横街85号,8.00米,2019/8/28 16:15:37,0.00元/㎡·月,商业街商铺,是,宝华楼(东门),东门步行街宝华楼！6厘租约！红本在手！120万总价,120万,https://sz.shop.fang.com/shou/3_221258916.html,简装修
4.50米,第2层(共5层),"停车位,客梯,货梯,上水,下水,可明火,排烟,排污",70.29㎡,16.00米,"龙岗,龙岗中心城",汇龙天下,龙城里,3.00米,2019/7/21 11:52:37,4.00元/㎡·月,住宅底商,否,"百货超市,酒店宾馆,服饰鞋包,生活服务,美容美发,餐饮美食,休闲娱乐",必看必看必看 龙岗成熟地段 一手现楼 单价1.8万起,132万,https://sz.shop.fang.com/shou/3_220118439.html,精装修
,第1层(共1层),,30㎡,3.00米,"光明区,光明",5.00米,光明农场光明大道东侧,4.00米,2019/4/17 11:39:51,8.40元/㎡·月,其他,否,光明农场东区商铺,光明峰荟-大门脸 面积小 至59万 餐饮街铺！,118万,https://sz.shop.fang.com/shou/3_216229757.html,简装修
5.10米,第1层(共3层),"停车位,客梯,中央空调,可明火,排烟,外摆区",46㎡,8.00米,"光明区,公明",中粮云景,中粮云景广场,6.00米,2019/8/30 17:59:35,0.00元/㎡·月,住宅底商,否,餐饮美食,公明6号、13号地铁口、70年产权、带5年租约、第三年起逐年,100万,https://sz.shop.fang.com/shou/3_221316294.html,毛坯
6.00米,第1层(共1层),"停车位,客梯,上水,下水,排烟,排污",47.57㎡,8.00米,"龙岗,龙岗中心城",龙岗区清林路,愉园新苑,6.00米,2019/8/21 19:42:19,5.00元/㎡·月,住宅底商,否,"服饰鞋包,生活服务,餐饮美食",天虹的，稳定租约，人流旺,150万,https://sz.shop.fang.com/shou/3_221073356.html,毛坯
,第21层(共31层),"网络,暖气,停车位,客梯,货梯,扶梯,中央空调,上水,下水,可明火,排烟,排污,燃气,外摆区",27㎡,7.00米,"宝安,西乡",6.00米,中国天谷,8.00米,2019/8/23 10:40:37,5.50元/㎡·月,写字楼配套底商,否,中国天谷,前海铁仔山科技城 地铁口精装公++寓 看山景景观,118.8万,https://sz.shop.fang.com/shou/3_221114470.html,精装修
,第1层(共31层),"客梯,排烟,燃气",41㎡,4.50米,"龙华区,龙华",6.00米,佳兆业E立方,9.00米,2019/8/13 14:29:53,2.35元/㎡·月,住宅底商,否,佳兆业E立方,龙华佳兆业立方特价特价100,105万,https://sz.shop.fang.com/shou/3_220825853.html,毛坯
7.00米,第1层(共1层),"网络,暖气,停车位",35㎡,8.00米,"龙华区,龙华",龙华镇民治路与布龙公路交汇处往东150米,华美丽苑商铺,6.00米,2019/8/29 13:18:07,5.00元/㎡·月,住宅底商,否,"百货超市,服饰鞋包,生活服务,美容美发",龙华，现出售总价在130万的临街小铺，业主急卖,130万,https://sz.shop.fang.com/shou/3_221280307.html,简装修
7.00米,第2层(共2层),"网络,暖气,停车位,客梯,扶梯,中央空调,上水,下水,排烟,排污,燃气",50㎡,8.00米,"光明区,光明",深圳市光明新区公明街道松白路与金安路交汇处中粮云景,中粮云景国际 中粮云景花园南区,6.00米,2019/9/4 10:37:14,6.50元/㎡·月,商业街商铺,否,"餐饮美食,休闲娱乐,生活服务,美容美发,家居建材,服饰鞋包,百货超市",70产权现铺 央企中粮打造，光明国际科学城 双地铁无线接驳,140万,https://sz.shop.fang.com/shou/3_221429553.html,毛坯
4.00米,12㎡,"网络,暖气,停车位,客梯,货梯,扶梯,中央空调,上水,下水,可明火,排烟,排污,燃气,外摆区",19㎡,4.00米,"罗湖,东门",宝华楼(东门),宝华楼(东门),3.00米,2019/8/15 13:51:35,25.00元/㎡·月,商业街商铺,是,"百货超市,酒店宾馆,家居建材,服饰鞋包,生活服务,美容美发,餐饮美食,休闲娱乐",宝华楼一楼 19平方 月租9500元 卖139万包税,139万,https://sz.shop.fang.com/shou/3_220887171.html,精装修
5.10米,第1层(共12层),"停车位,客梯,中央空调,燃气",41㎡,6.00米,"龙华区,观澜",佳兆业E立方,佳兆业E立方,5.00米,2019/8/7 12:11:01,2.35元/㎡·月,住宅底商,否,"酒店宾馆,生活服务,美容美发",佳兆业立方免代理团购价110,115万,https://sz.shop.fang.com/shou/3_220637103.html,精装修
5.50米,第1层(共2层),"客梯,上水,下水",27㎡,10.00米,"宝安,西乡",深圳宝安区107国道与西乡大道交汇处,天谷大楼,2.70米,2019/8/29 8:13:22,0.00元/㎡·月,住宅底商,否,百货超市,宝安西乡新项目 总价120万 单价4万/平 直接认购,120万,https://sz.shop.fang.com/shou/3_221270051.html,精装修
7.00米,第29层(共31层),"网络,暖气,停车位,客梯,货梯,扶梯,中央空调,上水,下水,可明火,排烟,排污,燃气,外摆区",30㎡,8.00米,"宝安,西乡",宝安西乡107国道,宝安,6.00米,2019/9/4 12:30:44,5.00元/㎡·月,住宅底商,否,"酒店宾馆,服饰鞋包,百货超市,美容美发,家居建材,餐饮美食,生活服务,休闲娱乐",首付68万起！带天然气，地铁口在建，明年开通！香港人可买可贷款,120万,https://sz.shop.fang.com/shou/3_221434306.html,精装修
5.00米,第1层(共8层),,18㎡,3.00米,"罗湖,东门",南塘商业广场10地块永新街1号,南塘商业广场商铺,5.00米,2019/8/16 9:57:46,0.00元/㎡·月,住宅底商,是,百货超市,东门月租10500元，年租12.6万仅售128万，税2.5万,128万,https://sz.shop.fang.com/shou/3_220907841.html,简装修
6.00米,第1层(共1层),"停车位,上水,下水,可明火,排烟,排污",36.59㎡,11.00米,"龙岗,龙岗中心城",龙岗区龙福西路,城龙花园商铺,3.00米,2019/7/22 16:58:22,1.30元/㎡·月,住宅底商,是,"百货超市,服饰鞋包,生活服务,美容美发,餐饮美食,休闲娱乐",笋盘必看 写字楼 年回4厘 150万急售！急售！,150万,https://sz.shop.fang.com/shou/3_220157817.html,简装修
7.00米,第15层(共16层),,73㎡,8.00米,"南山,西丽",创科路与打石二路交汇处,云街,6.00米,2019/8/31 11:28:43,0.00元/㎡·月,住宅底商,是,百货超市,（香港网络地标红盘）亚洲第壹高铁总站新科技总部基地大疆无人机,149.65万,https://sz.shop.fang.com/shou/3_221331373.html,简装修
7.00米,第22层(共30层),"暖气,客梯,货梯",27㎡,8.00米,"宝安,西乡",西乡街道107国道以西、铁仔山公园以东,天谷大楼,6.00米,2019/8/20 11:00:49,5.00元/㎡·月,住宅底商,否,休闲娱乐,宝安·总价120万起带精装修、户户带阳台,120万,https://sz.shop.fang.com/shou/3_221027353.html,精装修
10.00米,15㎡,"停车位,上水,下水,外摆区",50㎡,5.00米,"龙岗,龙岗中心城",阅山华府商铺,生活服务,中心城长兴路与回龙路交界处（盛平派出所北300米）,2019/9/3 11:37:49,2.80元/㎡·月,毛坯,临街门面,否,豪宅区转角位。地铁300米。人流必经只路不愁租,150万,https://sz.shop.fang.com/shou/3_221405180.html,第1层(共1层)
5.10米,第1层(共1层),"网络,停车位,上水,下水,燃气",20㎡,6.00米,"龙华区,龙华",龙华二线拓展区东北侧，北临布龙路，西靠梅龙路,金地梅陇镇四期商铺,3.00米,2019/8/18 15:20:06,2.80元/㎡·月,住宅底商,否,"餐饮美食,休闲娱乐,生活服务,美容美发,服饰鞋包",民治佐邻商圈稀/缺低总价临街餐饮铺带品牌租约已隔好两层前景好,145万,https://sz.shop.fang.com/shou/3_220980402.html,精装修
5.10米,第1层(共1层),"停车位,上水,下水,可明火,排烟,排污,外摆区",30㎡,5.00米,"坪山区,坪山",坪联路与沿河路交汇,泰禾中央广场商业街商铺 一手餐饮铺 低总价,6.00米,2019/8/22 11:26:10,5.00元/㎡·月,商业街商铺,是,"生活服务,餐饮美食,家居建材,休闲娱乐,百货超市,美容美发,服饰鞋包",低总价 小面积 易转手 高前景 一手餐饮铺,150万,https://sz.shop.fang.com/shou/3_221086377.html,精装修
7.00米,第2层(共2层),"网络,暖气,停车位,客梯,扶梯,中央空调,上水,下水,排烟,排污,燃气",50㎡,8.00米,"光明区,光明",深圳市光明新区公明街道松白路与金安路交汇处中粮云景,中粮云景国际 中粮云景花园南区,6.00米,2019/9/4 10:36:53,6.50元/㎡·月,商业街商铺,否,"餐饮美食,休闲娱乐,生活服务,美容美发,家居建材,服饰鞋包,百货超市",光明地铁临街铺 央企中粮打造70产权现铺，单价2万8,140万,https://sz.shop.fang.com/shou/3_221429519.html,毛坯
7.00米,第2层(共2层),"暖气,上水,下水,排烟,排污",43㎡,8.00米,"宝安,西乡",107国道以西、铁仔山公园以东,天谷大楼,6.00米,2019/8/20 11:00:06,3.00元/㎡·月,住宅底商,否,生活服务,新上铁仔山天谷大楼，首付60万，带阳台通燃气,118万,https://sz.shop.fang.com/shou/3_221027319.html,精装修
,第23层(共31层),"网络,暖气,停车位,客梯,货梯,扶梯,中央空调,上水,下水,排烟,排污,燃气,外摆区",45.82㎡,7.00米,"宝安,西乡",6.00米,铁仔山公园,8.00米,2019/8/20 11:01:54,5.50元/㎡·月,住宅底商,否,天谷,宝安西乡天谷精装修 首付60万起、顶楼无边泳池,120万,https://sz.shop.fang.com/shou/3_221027419.html,精装修
8.00米,第1层(共2层),"网络,停车位,中央空调,上水,下水,可明火,排烟,排污,燃气,外摆区",43㎡,7.00米,"宝安,西乡",107国道以西、铁仔山公园以东,天谷大楼,6.00米,2019/8/8 11:44:27,5.00元/㎡·月,住宅底商,否,"生活服务,餐饮美食,休闲娱乐",新上铁仔山天谷大楼，首付60万，带阳台通燃气 小面积好出手,118万,https://sz.shop.fang.com/shou/3_220669218.html,毛坯
,第90层(共90层),,163.6㎡,3.00米,"宝安,西乡",5.00米,"宝城76区,锦花路与西乡大道交汇处",4.00米,2019/8/1 18:04:19,0.00元/㎡·月,其他,否,天骄世家商铺,（急售做上市公司的房东）单价6.7万 做15米转角永辉集团的,100万,https://sz.shop.fang.com/shou/3_220467640.html,毛坯
7.00米,第1层(共2层),"暖气,上水,下水,排烟,排污",43㎡,8.00米,"宝安,西乡",107国道以西、铁仔山公园以东,天谷大楼,6.00米,2019/8/24 17:06:36,3.00元/㎡·月,住宅底商,否,生活服务,新上铁仔山天谷大楼，首付60万，带阳台通燃气,118万,https://sz.shop.fang.com/shou/3_221154993.html,精装修
,第1层(共1层),,50㎡,7.00米,"光明区,公明",6.00米,公明,8.00米,2019/9/2 16:47:40,6.00元/㎡·月,商业街商铺,否,中粮国际云景,100万就可买央企开发商一手铺位，6号线明年开通立马漲一波,140万,https://sz.shop.fang.com/shou/3_221388173.html,毛坯
7.00米,第2层(共2层),"暖气,上水,下水,排烟,排污",43㎡,8.00米,"宝安,西乡",107国道以西、铁仔山公园以东,天谷大楼,6.00米,2019/8/21 22:36:46,3.00元/㎡·月,住宅底商,否,生活服务,新上铁仔山天谷大楼，首付60万，带阳台通燃气,118万,https://sz.shop.fang.com/shou/3_221077460.html,精装修
,第1层(共2层),,30㎡,3.00米,"宝安区,沙井",8.00米,上星南路,8.00米,2019/8/25 20:17:11,0.00元/㎡·月,商业街商铺,否,万科星城,万科星城一手临街新铺，单价6万起，开售，国际会展辐射区域,120万,https://sz.shop.fang.com/shou/3_221184586.html,简装修
4.00米,12㎡,"网络,暖气,停车位,客梯,货梯,扶梯,中央空调,上水,下水,可明火,排烟,排污,燃气,外摆区",20㎡,1.50米,"罗湖,人民南",罗湖商业城,罗湖商业城,8.00米,2019/8/27 11:05:53,38.00元/㎡·月,商业街商铺,是,"百货超市,酒店宾馆,家居建材,服饰鞋包,生活服务,美容美发,餐饮美食,休闲娱乐",4楼中庭位 20平方卖139万 门面8米大转角位,139万,https://sz.shop.fang.com/shou/3_221220663.html,精装修
5.50米,第1层(共4层),客梯,40㎡,10.00米,"光明区,光明",光明区-光明-中粮云景国际南区商铺,中粮云景国际南区商铺,4.00米,2019/8/27 11:02:14,0.00元/㎡·月,商业街商铺,否,百货超市,光明新区中粮央企一手临街铺，双地铁交汇.地铁连体铺,135万,https://sz.shop.fang.com/shou/3_221220445.html,简装修
7.00米,第2层(共2层),"网络,暖气,停车位,客梯,扶梯,中央空调,上水,下水,排烟,排污,燃气",50㎡,8.00米,"光明区,光明",深圳市光明新区公明街道松白路与金安路交汇处中粮云景,中粮云景国际 中粮云景花园南区,6.00米,2019/9/4 10:37:52,6.50元/㎡·月,商业街商铺,否,"餐饮美食,休闲娱乐,生活服务,美容美发,家居建材,服饰鞋包,百货超市",光明地铁临街铺 央企中粮打造70产权现铺，单价2万8,140万,https://sz.shop.fang.com/shou/3_221429254.html,毛坯
4.00米,12㎡,"网络,暖气,停车位,客梯,货梯,扶梯,中央空调,上水,下水,可明火,排烟,排污,燃气,外摆区",20㎡,3.00米,"罗湖,东门",德奥商城,德奥商城,3.00米,2019/8/13 11:58:01,35.00元/㎡·月,商业街商铺,是,"百货超市,酒店宾馆,家居建材,服饰鞋包,生活服务,美容美发,餐饮美食,休闲娱乐",东门解放路以纯 4间铺 卖125万,125万,https://sz.shop.fang.com/shou/3_220821577.html,精装修
7.00米,第1层(共2层),"网络,暖气,停车位,客梯,扶梯,中央空调,上水,下水,排烟,排污,燃气",50㎡,8.00米,"光明区,光明",深圳市光明新区公明街道松白路与金安路交汇处中粮云景,中粮云景国际 中粮云景花园南区,6.00米,2019/9/4 10:42:00,6.50元/㎡·月,商业街商铺,否,"餐饮美食,休闲娱乐,生活服务,美容美发,家居建材,服饰鞋包,百货超市",央企中粮打造 双地铁无线接驳 70产权现铺，光明国际科学城,140万,https://sz.shop.fang.com/shou/3_221429769.html,毛坯
,第1层(共2层),,11㎡,5.10米,"龙岗区,龙岗中心城",5.00米,龙岗区龙翔大道与吉祥中路交汇处东南角,9.00米,2019/8/17 22:28:17,0.00元/㎡·月,写字楼配套底商,否,万科公馆,龙岗中心城 万科广场 一手 总价85万起 现铺出售,143万,https://sz.shop.fang.com/shou/3_220964347.html,简装修
4.00米,12㎡,"网络,暖气,停车位,客梯,货梯,扶梯,中央空调,上水,下水,可明火,排烟,排污,燃气,外摆区",20㎡,3.00米,"罗湖,人民南",罗湖商业城,罗湖商业城,4.00米,2019/8/19 10:48:10,38.00元/㎡·月,商业街商铺,是,"百货超市,酒店宾馆,家居建材,服饰鞋包,生活服务,美容美发,餐饮美食,休闲娱乐",罗湖口岸20平方 月租9500元 卖135万,135万,https://sz.shop.fang.com/shou/3_220998289.html,精装修
5.50米,第2层(共5层),客梯,20㎡,10.00米,"罗湖,人民南",罗湖火车站广场南路,罗湖商业城,2.00米,2019/9/2 11:11:54,0.00元/㎡·月,住宅底商,否,百货超市,罗湖商业城手扶电梯口 租金8500/月 130万,130万,https://sz.shop.fang.com/shou/3_221377215.html,简装修
,第2层(共6层),,20.07㎡,5.00米,"罗湖,人民南",3.00米,罗湖火车站广场南路,4.00米,2019/7/20 17:38:47,0.00元/㎡·月,其他,否,罗湖商业城,（业主年纪大了）135万 租金9500实收 面积20.07平,135万,https://sz.shop.fang.com/shou/3_220100457.html,简装修
5.00米,第1层(共30层),"客梯,货梯",30㎡,5.00米,"龙华区,观澜",龙华,佳兆业E立方,5.00米,2019/9/1 12:52:06,2.35元/㎡·月,住宅底商,否,"生活服务,家居建材",龙华、佳兆业 首付5万起精装公-寓 分期6个月,115万,https://sz.shop.fang.com/shou/3_221356462.html,毛坯
6.00米,13㎡,"网络,暖气,停车位,扶梯,中央空调,上水,下水,外摆区",15㎡,5.00米,"龙岗,龙岗中心城",海航城商铺,海航城商铺,3.00米,2019/9/4 12:58:52,5.00元/㎡·月,住宅底商,是,"家居建材,服饰鞋包,生活服务,美容美发,餐饮美食,休闲娱乐",龙岗中心城 临街小金铺 6米高可隔 带外摆 总价100万出头,130万,https://sz.shop.fang.com/shou/3_221434932.html,精装修
,第90层(共90层),,163.6㎡,1.00米,"宝安,西乡",1.00米,"宝城76区,锦花路与西乡大道交汇处",1.00米,2019/8/7 17:33:23,0.00元/㎡·月,其他,否,天骄世家商铺,（急售做上市公司的房东）单价6.7万 做15米转角永辉集团的,100万,https://sz.shop.fang.com/shou/3_220648575.html,毛坯
7.00米,第1层(共2层),"网络,暖气,停车位,客梯,扶梯,中央空调,上水,下水,排烟,排污,燃气",50㎡,8.00米,"光明区,光明",深圳市光明新区公明街道松白路与金安路交汇处中粮云景,中粮云景国际 中粮云景花园南区,6.00米,2019/9/4 10:45:28,6.50元/㎡·月,商业街商铺,否,"餐饮美食,休闲娱乐,生活服务,美容美发,家居建材,服饰鞋包,百货超市",央企中粮打造 双地铁无线接驳 70产权现铺，光明国际科学城,140万,https://sz.shop.fang.com/shou/3_221429906.html,毛坯
6.00米,第1层(共5层),"网络,停车位,客梯,货梯,扶梯,中央空调,上水,下水,可明火,排烟,排污,燃气,外摆区",38㎡,6.30米,"南山,后海",南山环北路与后海路交汇处,天利中央商务广场商铺,6.00米,2019/8/7 19:39:36,22.00元/㎡·月,住宅底商,否,看行业需求,南山后海天利商务广场临街金铺 租金/高 业主急出价格还可刀,120万,https://sz.shop.fang.com/shou/3_220652582.html,毛坯
5.00米,第1层(共8层),,15㎡,3.00米,"罗湖,东门",南塘商业广场10地块永新街1号,东门町广场,5.00米,2019/8/8 14:06:50,0.00元/㎡·月,住宅底商,是,百货超市,业主亏本急售 东门町美食广场二楼转角铺 主通道,118万,https://sz.shop.fang.com/shou/3_220674113.html,简装修
,第1层(共1层),,50㎡,4.50米,"光明区,公明",4.00米,光明区 公明 长春南路3号,4.00米,2019/8/29 23:25:13,6.50元/㎡·月,商业街商铺,否,中粮云景国际南区商铺,开盘，6号地铁口，总价100万起，现楼发售,130万,https://sz.shop.fang.com/shou/3_221296507.html,简装修
,第1层(共2层),,28㎡,5.10米,"龙岗区,横岗",4.20米,龙城大道龙平西路13号,10.00米,2019/8/31 12:59:14,0.00元/㎡·月,商业街商铺,否,非凡空间,低于市场价 地铁口小面积 带品牌宝通汽车，上岛咖啡等租约,120万,https://sz.shop.fang.com/shou/3_221334193.html,简装修
3.00米,第1层(共3层),"网络,暖气,停车位,客梯,货梯,扶梯",18㎡,4.00米,"罗湖,东门",南塘商业广场10地块永新街1号,南塘商业广场商铺,5.00米,2019/8/31 13:36:05,0.00元/㎡·月,商业街商铺,否,百货超市,东门商场服装靓铺115万 月租金收入8500元,113.4万,https://sz.shop.fang.com/shou/3_221335060.html,简装修
3.00米,第1层(共1层),客梯,16㎡,4.00米,"东莞,东城",西路与旗峰路交汇处（黄旗广场对面）,万科中心商铺,5.00米,2019/8/31 13:56:57,0.00元/㎡·月,商业街商铺,否,百货超市,九龙城，电梯口位租金8000急售100万,100.8万,https://sz.shop.fang.com/shou/3_221335533.html,简装修
4.00米,12㎡,"网络,暖气,停车位,客梯,货梯,扶梯,中央空调,上水,下水,可明火,排烟,排污,燃气,外摆区",20㎡,1.50米,"罗湖,人民南",罗湖商业城,罗湖商业城,8.00米,2019/8/22 16:06:44,38.00元/㎡·月,商业街商铺,是,"百货超市,酒店宾馆,家居建材,服饰鞋包,生活服务,美容美发,餐饮美食,休闲娱乐",罗湖商业城中庭位8米门面店铺 急卖140万,140万,https://sz.shop.fang.com/shou/3_221096211.html,精装修
,第1层(共1层),,20㎡,5.00米,"罗湖区,东门",3.00米,深圳市罗湖区东门新园路,7.00米,2019/8/19 20:13:09,0.00元/㎡·月,商业街商铺,否,深圳市罗湖区东门新园路,地铁口小面积（1點點）餐饮铺，6米可两层,128万,https://sz.shop.fang.com/shou/3_221016913.html,简装修
3.00米,第1层(共2层),客梯,15㎡,4.00米,"罗湖,东门",深圳市罗湖区东门解放路,九龙城商铺,5.00米,2019/8/31 13:55:53,0.00元/㎡·月,商业街商铺,否,百货超市,电梯口！转角位！低于市场价35万,150万,https://sz.shop.fang.com/shou/3_221335501.html,简装修
,第1层(共2层),,25㎡,5.10米,"龙岗,龙岗中心城",4.00米,万科时代广场,7.00米,2019/8/20 14:37:37,0.00元/㎡·月,住宅底商,否,万科时代广场,万科时代广场钻石小铺！,135万,https://sz.shop.fang.com/shou/3_221034589.html,毛坯
5.50米,第1层(共3层),客梯,15㎡,10.00米,"龙华区,龙华",龙华新区民治街道民塘路与简上路交汇处,中海锦城商铺,1.50米,2019/8/17 0:13:29,0.00元/㎡·月,住宅底商,否,百货超市,中海锦城全时森林，港铁连接，一手6折清盘,120万,https://sz.shop.fang.com/shou/3_220936841.html,简装修
7.00米,第2层(共2层),"网络,暖气,停车位,客梯,扶梯,中央空调,上水,下水,排烟,排污,燃气",50㎡,8.00米,"光明区,光明",深圳市光明新区公明街道松白路与金安路交汇处中粮云景,中粮云景国际 中粮云景花园南区,6.00米,2019/9/4 10:34:30,6.50元/㎡·月,商业街商铺,否,"餐饮美食,休闲娱乐,生活服务,美容美发,家居建材,服饰鞋包,百货超市",光明地铁临街铺 央企中粮打造70产权现铺，单价2万8,140万,https://sz.shop.fang.com/shou/3_221429380.html,毛坯
4.50米,第1层(共3层),,19㎡,4.50米,"宝安区,西乡",固戍一路703号,宝创红禧公馆,4.00米,2019/8/29 20:46:49,8.00元/㎡·月,商业街商铺,否,"百货超市,家居建材,服饰鞋包,生活服务,美容美发,餐饮美食,休闲娱乐,其它",40万人次消费临街开发商清盘价出售,128.06万,https://sz.shop.fang.com/shou/3_221293555.html,简装修
5.50米,第1层(共2层),客梯,27㎡,10.00米,"宝安,宝安中心区",宝源路以南、新安六路以西、兴业路以北、西乡河东西两岸,宝安区互联网创意园,2.70米,2019/8/12 10:41:15,0.00元/㎡·月,商业街商铺,否,百货超市,首付60万，， 精装修，单间能租4500,121.5万,https://sz.shop.fang.com/shou/3_220786123.html,简装修
7.00米,第2层(共2层),"网络,暖气,停车位,客梯,扶梯,中央空调,上水,下水,排烟,排污,燃气",50㎡,8.00米,"光明区,光明",深圳市光明新区公明街道松白路与金安路交汇处中粮云景,中粮云景国际 中粮云景花园南区,6.00米,2019/9/4 10:57:23,6.50元/㎡·月,商业街商铺,否,"餐饮美食,休闲娱乐,生活服务,美容美发,家居建材,服饰鞋包,百货超市",央企中粮打造 双地铁无线接驳 70产权现铺，光明国际科学城,140万,https://sz.shop.fang.com/shou/3_221430453.html,毛坯
5.00米,第4层(共6层),"网络,暖气,停车位,客梯,货梯,扶梯,中央空调",20㎡,5.00米,"罗湖,人民南",罗湖火车站广场南路,罗湖商业城,3.00米,2019/6/14 0:35:18,38.00元/㎡·月,商业街商铺,否,百货超市,9厘！！年租金12万！！售价128万！！,128万,https://sz.shop.fang.com/shou/3_218957215.html,精装修
5.00米,第-1层(共3层),"网络,暖气,停车位,客梯,货梯,扶梯,中央空调",10㎡,3.00米,"罗湖,东门",罗湖深南东路东门步行街旁,八达商城商铺,3.00米,2019/6/14 14:57:30,20.00元/㎡·月,商业街商铺,否,休闲娱乐,原价175万！！现售价118万！！,118万,https://sz.shop.fang.com/shou/3_218979648.html,精装修
5.50米,第1层(共11层),"网络,停车位,客梯,上水,下水,可明火,排烟,排污,外摆区",42㎡,10.00米,"龙岗,龙岗中心城",龙岗中心城龙福路清林小学旁边,尚景花园商铺,4.20米,2019/7/30 20:50:23,0.00元/㎡·月,住宅底商,否,百货超市,尚景花园天健花园正街铺带租约42平仅售138万红本在手,138万,https://sz.shop.fang.com/shou/3_220409744.html,精装修
5.10米,第1层(共2层),"网络,暖气,停车位,客梯,货梯,扶梯,中央空调,上水,下水,可明火,排烟,排污,燃气,外摆区",30㎡,10.00米,"宝安,沙井",宝安沙井上星南路,万科星城,6.00米,2019/8/25 14:49:49,3.48元/㎡·月,住宅底商,否,"百货超市,酒店宾馆,家居建材,服饰鞋包,生活服务,美容美发,餐饮美食,休闲娱乐",(熊猫卖铺)免佣代理 沙井海岸城 住宅底临街 月租低月供,120万,https://sz.shop.fang.com/shou/3_221176577.html,毛坯
,第1层(共7层),"网络,暖气,停车位,客梯,货梯,扶梯,燃气",32.51㎡,7.00米,"龙华区,龙华",6.00米,龙华镇民治路与布龙公路交汇处往东150米,8.00米,2019/4/23 21:21:29,3.00元/㎡·月,住宅底商,是,华美丽苑商铺,实用面积100%，红本在手龙华一临街铺急售,115万,https://sz.shop.fang.com/shou/3_216515090.html,精装修
6.00米,29㎡,"网络,暖气,停车位,上水,下水,可明火,排烟,排污,燃气,外摆区",30㎡,6.00米,"龙岗,龙岗中心城",龙城华府商铺,龙城华府商铺,5.00米,2019/8/20 18:34:12,2.20元/㎡·月,商业街商铺,否,百货超市,看得见的现实利益，想得到的财富,135万,https://sz.shop.fang.com/shou/3_221041878.html,简装修
4.00米,20㎡,"网络,暖气,停车位,客梯,货梯,扶梯,中央空调,上水,下水,可明火,排烟,排污,燃气,外摆区",26㎡,4.00米,"罗湖,东门",名仕商城商铺,名仕商城商铺,5.00米,2019/8/29 20:10:37,25.00元/㎡·月,商业街商铺,是,"百货超市,酒店宾馆,家居建材,服饰鞋包,生活服务,美容美发,餐饮美食,休闲娱乐",名仕商城2间铺 卖115万 租金7600元,115万,https://sz.shop.fang.com/shou/3_221292533.html,精装修
,第90层(共90层),,30㎡,3.00米,"龙岗,龙岗中心城",5.00米,深圳市龙岗区龙平东路回龙埔段,4.00米,2019/8/16 21:46:33,0.00元/㎡·月,其他,否,长江花园商铺,长江花园 临街 地铁口物业 龙岗 回龙埔站,108万,https://sz.shop.fang.com/shou/3_220935286.html,简装修
3.00米,第1层(共5层),"网络,暖气,停车位,客梯,货梯,扶梯",20㎡,4.00米,"罗湖,人民南",罗湖火车站广场南路,罗湖商业城,5.00米,2019/8/31 14:01:43,0.00元/㎡·月,商业街商铺,否,百货超市,急卖135万 20平方 月租金9500元,135万,https://sz.shop.fang.com/shou/3_221335631.html,简装修
,第90层(共90层),,163.6㎡,3.00米,"宝安,西乡",5.00米,"宝城76区,锦花路与西乡大道交汇处",4.00米,2019/8/7 17:37:06,0.00元/㎡·月,其他,否,天骄世家商铺,（急售做上市公司的房东）单价6.7万 做15米转角永辉集团的,100万,https://sz.shop.fang.com/shou/3_220648729.html,毛坯
4.00米,12㎡,"网络,暖气,停车位,客梯,货梯,扶梯,中央空调,上水,下水,可明火,排烟,排污,燃气,外摆区",20㎡,2.00米,"罗湖,人民南",罗湖商业城,罗湖商业城,8.00米,2019/8/31 11:33:10,38.00元/㎡·月,商业街商铺,是,"百货超市,酒店宾馆,家居建材,服饰鞋包,生活服务,美容美发,餐饮美食,休闲娱乐",中庭位 门面8米 总价145万 业主急用钱,145万,https://sz.shop.fang.com/shou/3_221331554.html,精装修
4.00米,16㎡,"停车位,上水,下水,可明火,排烟,排污",17㎡,5.00米,"龙华区,龙华",风和日丽商铺,风和日丽商铺,3.00米,2019/4/13 12:13:28,1.20元/㎡·月,临街门面,否,"百货超市,酒店宾馆,家居建材,服饰鞋包,生活服务,美容美发,餐饮美食,休闲娱乐",抵债过来，自损32万急售套现，148万,148万,https://sz.shop.fang.com/shou/3_216064443.html,精装修
,第1层(共2层),,40㎡,6.00米,"光明区,公明",3.50米,光明区 公明 长春南路3号,11.00米,2019/8/29 22:03:10,6.50元/㎡·月,商业街商铺,否,中粮云景国际南区商铺,双地铁无缝对接，低总价综合体准现铺，,112万,https://sz.shop.fang.com/shou/3_221295870.html,毛坯
5.10米,第2层(共20层),,40㎡,5.00米,"龙华新区,观澜",牛湖收费站,佳兆业E立方,8.00米,2019/8/29 19:16:45,0.00元/㎡·月,商业街商铺,是,百货超市,龙华佳兆业.立方 120万起，买40平三个功能区,120万,https://sz.shop.fang.com/shou/3_221291215.html,精装修
7.00米,第2层(共2层),"网络,暖气,停车位,客梯,扶梯,中央空调,上水,下水,排烟,排污,燃气",50㎡,8.00米,"光明区,光明",深圳市光明新区公明街道松白路与金安路交汇处中粮云景,中粮云景国际 中粮云景花园南区,6.00米,2019/9/4 10:44:53,6.50元/㎡·月,商业街商铺,否,"餐饮美食,休闲娱乐,生活服务,美容美发,家居建材,服饰鞋包,百货超市",央企中粮打造 双地铁无线接驳 70产权现铺，光明国际科学城,140万,https://sz.shop.fang.com/shou/3_221429891.html,毛坯
7.00米,第8层(共16层),,73㎡,8.00米,"南山,西丽",创科路与打石二路交汇处,云街,6.00米,2019/9/3 18:37:11,0.00元/㎡·月,住宅底商,是,百货超市,（香港网络地标红盘）亚洲第壹高铁总站新科技总部基地大疆无人机,149.65万,https://sz.shop.fang.com/shou/3_221417474.html,简装修
3.00米,第1层(共1层),"暖气,上水",41㎡,8.00米,"龙岗,龙岗中心城",龙岗区启迪协信科技园东南青春北路,启迪协信科技园,4.00米,2019/9/3 10:33:45,5.00元/㎡·月,住宅底商,是,百货超市,大运体育馆旁一手精装出售 总价108万起,147.6万,https://sz.shop.fang.com/shou/3_221401789.html,简装修
6.30米,26㎡,"网络,暖气,停车位,客梯,货梯,中央空调,上水,下水,可明火,排烟,排污,燃气,外摆区",26.16㎡,6.00米,"东莞,樟木头",樟木头先威路68号,奥园城市天地,8.00米,2019/7/26 11:55:47,10.00元/㎡·月,毛坯,住宅底商,是,东莞特价，繁华地段，小香港,110万,https://sz.shop.fang.com/shou/3_220276175.html,第1层(共1层)
7.00米,第1层(共2层),"网络,暖气,停车位,客梯,货梯,扶梯,中央空调,上水,下水,可明火,排烟,排污,燃气,外摆区",45㎡,8.00米,"光明区,光明",光明金安路,中粮云景国际,6.00米,2019/8/31 11:29:29,3.00元/㎡·月,住宅底商,是,"家居建材,百货超市,生活服务,酒店宾馆,餐饮美食,服饰鞋包,美容美发,休闲娱乐",周围全是住宅写字楼 地铁口临街铺 广大消费群体 回宝绿高,110万,https://sz.shop.fang.com/shou/3_221331175.html,毛坯
6.00米,第1层(共1层),"网络,停车位,中央空调,上水,下水,可明火,排烟,排污,燃气,外摆区",40㎡,6.60米,"宝安,福永",宝安福永107国道,碧桂园领寓,6.00米,2019/8/19 10:13:03,8.00元/㎡·月,住宅底商,是,看行业需求,在深圳生活当然是“多份收入 多份保障”房产高/租金 低投/入,126万,https://sz.shop.fang.com/shou/3_220996702.html,毛坯
,第90层(共90层),,29㎡,3.00米,"龙岗,龙岗中心城",5.00米,龙城中路与龙河路交汇处,4.00米,2019/7/20 14:00:48,0.00元/㎡·月,其他,否,雅豪祥苑商铺,国际茶都龙河路雅豪祥苑一楼正街铺29平148万,145万,https://sz.shop.fang.com/shou/3_220092976.html,简装修
7.00米,第2层(共2层),"网络,暖气,停车位,客梯,扶梯,中央空调,上水,下水,排烟,排污,燃气",50㎡,8.00米,"光明区,光明",深圳市光明新区公明街道松白路与金安路交汇处中粮云景,中粮云景国际 中粮云景花园南区,6.00米,2019/9/4 10:38:59,6.50元/㎡·月,商业街商铺,否,"餐饮美食,休闲娱乐,生活服务,美容美发,家居建材,服饰鞋包,百货超市",央企中粮打造 双地铁无线接驳 70产权现铺，光明国际科学城,140万,https://sz.shop.fang.com/shou/3_221429634.html,毛坯
,第90层(共90层),,30㎡,3.00米,"龙岗,龙岗中心城",5.00米,深圳市龙岗区龙平东路回龙埔段,4.00米,2019/8/16 21:48:41,0.00元/㎡·月,其他,否,长江花园商铺,龙岗中心临街 地铁口物业 108万,109万,https://sz.shop.fang.com/shou/3_220935326.html,简装修
4.00米,第1层(共2层),"暖气,上水",46㎡,12.00米,"坪山区,坪山",坪山新区行政商务中心区旁（坪山六联酒店北行约400米处左转）,大东城商铺,5.00米,2019/5/23 20:51:47,5.00元/㎡·月,住宅底商,是,百货超市,正地铁站口 坪山实验豪宅区精装两房 总价一百万出头,150万,https://sz.shop.fang.com/shou/3_218056315.html,简装修
7.00米,第2层(共2层),"网络,暖气,停车位,客梯,扶梯,中央空调,上水,下水,排烟,排污,燃气",50㎡,8.00米,"光明区,光明",深圳市光明新区公明街道松白路与金安路交汇处中粮云景,中粮云景国际 中粮云景花园南区,6.00米,2019/9/4 10:40:51,6.50元/㎡·月,商业街商铺,否,"餐饮美食,休闲娱乐,生活服务,美容美发,家居建材,服饰鞋包,百货超市",中粮云景国际 1字头地铁临街铺 60万综合体 开发商直售,140万,https://sz.shop.fang.com/shou/3_221429714.html,毛坯
7.00米,第1层(共26层),"网络,暖气,停车位,燃气",15.31㎡,8.00米,"龙华区,龙华",龙华镇梅龙大道与布龙公路交汇处,金地梅陇镇商铺,6.00米,2019/8/7 10:47:29,0.00元/㎡·月,临街门面,否,"家居建材,服饰鞋包,生活服务,美容美发,餐饮美食,休闲娱乐",惊现150万买街铺，租金4500元，70年产权，业主诚心卖,150万,https://sz.shop.fang.com/shou/3_220632169.html,精装修
7.00米,第1层(共2层),"上水,下水",47㎡,8.00米,"龙华区,龙华",深圳龙华区大浪街道福龙路旁,恒大时尚慧谷,6.00米,2019/8/20 11:14:52,3.00元/㎡·月,住宅底商,是,休闲娱乐,龙华公园旁 通天然气带精装修 带阳台85万起,130万,https://sz.shop.fang.com/shou/3_221028024.html,精装修
5.50米,第1层(共1层),客梯,50㎡,10.00米,"宝安,宝安",宝安区-宝安-中粮云景国际南区商铺,中粮云景国际南区商铺,5.00米,2019/8/30 11:44:31,0.00元/㎡·月,商业街商铺,否,百货超市,开盘，6号地铁口，总价100万起，现楼发售,130万,https://sz.shop.fang.com/shou/3_221305022.html,简装修
,第1层(共2层),,17㎡,6.00米,"龙华区,龙华",2.50米,龙华人民路与工业大道交汇处,6.50米,2019/7/20 18:06:20,5.00元/㎡·月,其他,否,风和日丽二期商铺,龙华繁华商业街入口 仅售价150万 隔两层,144.5万,https://sz.shop.fang.com/shou/3_220101221.html,毛坯
7.00米,第2层(共2层),"网络,暖气,停车位,客梯,扶梯,中央空调,上水,下水,排烟,排污,燃气",50㎡,8.00米,"光明区,光明",深圳市光明新区公明街道松白路与金安路交汇处中粮云景,中粮云景国际 中粮云景花园南区,6.00米,2019/9/4 10:38:03,6.50元/㎡·月,商业街商铺,否,"餐饮美食,休闲娱乐,生活服务,美容美发,家居建材,服饰鞋包,百货超市",光明双地铁接驳现铺 1字头本手在手 70年产权 一手吸金铺,140万,https://sz.shop.fang.com/shou/3_221429585.html,毛坯
7.00米,第2层(共26层),,41㎡,8.00米,"龙岗,大运新城",龙岗区龙飞大道与青春路交界处,启迪协信科技园,6.00米,2019/9/4 12:04:20,0.00元/㎡·月,住宅底商,是,生活服务,大运 启迪协信科技园一手精装出售 世茂地.标旁,147.6万,https://sz.shop.fang.com/shou/3_221433315.html,简装修
7.00米,第2层(共2层),"网络,暖气,停车位,客梯,扶梯,中央空调,上水,下水,排烟,排污,燃气",50㎡,8.00米,"光明区,光明",深圳市光明新区公明街道松白路与金安路交汇处中粮云景,中粮云景国际 中粮云景花园南区,6.00米,2019/9/4 10:29:18,6.50元/㎡·月,商业街商铺,否,"餐饮美食,休闲娱乐,生活服务,美容美发,家居建材,服饰鞋包,百货超市",光明地铁临街铺 央企中粮打造70产权现铺，单价2万8,140万,https://sz.shop.fang.com/shou/3_221429107.html,毛坯
3.00米,第19层(共31层),"停车位,客梯,中央空调,上水,下水,可明火,排烟,排污,燃气",27㎡,10.00米,"宝安,西乡",深圳市宝安区广深公路辅路西50米,中国天谷,2.00米,2019/8/9 19:35:24,5.50元/㎡·月,写字楼配套底商,否,"百货超市,服饰鞋包,生活服务,美容美发,餐饮美食,休闲娱乐",中国天谷 深圳热盘 全城购 首付50万起买宝安精装一房,108万,https://sz.shop.fang.com/shou/3_220718258.html,精装修
5.50米,第1层(共2层),"网络,暖气,停车位,客梯,扶梯,燃气",50㎡,10.00米,"光明区,光明",深圳市光明新区公明街道松白路与金安路交汇处中粮云景,中粮云景国际中粮云景花园南区,5.00米,2019/8/31 10:57:39,0.00元/㎡·月,住宅底商,否,百货超市,光明地铁临街铺 央企中粮打造70产权现铺，单价2万8,140万,https://sz.shop.fang.com/shou/3_221330090.html,毛坯
7.00米,48㎡,"网络,暖气,停车位,客梯,扶梯,中央空调,上水,下水,排烟,排污,燃气",50㎡,8.00米,"光明区,光明",中粮云景国际 中粮云景花园南区,中粮云景国际 中粮云景花园南区,6.00米,2019/8/30 0:53:08,6.50元/㎡·月,商业街商铺,否,"百货超市,家居建材,服饰鞋包,生活服务,美容美发,餐饮美食,休闲娱乐",光明地铁临街铺 央企中粮打造70产权现铺，单价2万8,135万,https://sz.shop.fang.com/shou/3_221296844.html,毛坯
7.00米,第2层(共2层),"网络,暖气,停车位,客梯,扶梯,中央空调,上水,下水,排烟,排污,燃气",50㎡,8.00米,"光明区,光明",深圳市光明新区公明街道松白路与金安路交汇处中粮云景,中粮云景国际 中粮云景花园南区,6.00米,2019/9/4 10:30:22,6.50元/㎡·月,商业街商铺,否,"餐饮美食,休闲娱乐,生活服务,美容美发,家居建材,服饰鞋包,百货超市",光明地铁临街铺 央企中粮打造70产权现铺，单价2万8,140万,https://sz.shop.fang.com/shou/3_221429167.html,毛坯
6.00米,第1层(共1层),"停车位,客梯,货梯,上水,下水,排烟,排污,燃气",25.65㎡,9.00米,"龙岗,龙岗中心城",龙岗中心城龙城路与龙平路交界处,非凡空间阁,3.00米,2019/8/31 12:51:33,3.80元/㎡·月,住宅底商,是,"生活服务,美容美发,餐饮美食,休闲娱乐",便宜到其它业主想打人 地铁口批量小面积,115万,https://sz.shop.fang.com/shou/3_221333994.html,简装修
5.50米,第2层(共7层),"网络,暖气,停车位,客梯,货梯,扶梯",20㎡,4.00米,"罗湖,人民南",罗湖火车站广场南路,罗湖商业城,5.00米,2019/8/31 13:21:10,0.00元/㎡·月,商业街商铺,否,餐饮美食,"8厘，租11000,6米门宽，主通道转角，低于市场",150万,https://sz.shop.fang.com/shou/3_221334758.html,简装修
,第1层(共2层),,45㎡,6.00米,"深圳周边区,深圳周边",5.00米,松白路,10.00米,2019/8/21 16:19:17,3.00元/㎡·月,其他,否,中粮云景国际,光明中粮云景国际 回宝绿高 20年回苯 地铁口临街铺 70年,100万,https://sz.shop.fang.com/shou/3_221067443.html,毛坯
5.10米,第1层(共2层),"网络,暖气,停车位,客梯,货梯,扶梯,中央空调,上水,下水,可明火,排烟,排污,燃气,外摆区",40㎡,9.00米,"龙华区,观澜",深圳龙华观澜深圳市龙华区观光路与龙澜大道,嘉霖微商,4.00米,2019/6/9 9:55:12,3.00元/㎡·月,住宅底商,是,"百货超市,酒店宾馆,家居建材,服饰鞋包,生活服务,美容美发,餐饮美食,休闲娱乐",（熊猫卖铺） 龙华深港中轴 临街金铺 升级资产 月租超月供,120万,https://sz.shop.fang.com/shou/3_218764367.html,毛坯
3.00米,第1层(共2层),货梯,18㎡,4.00米,"罗湖,东门",深圳市罗湖区东门解放路,九龙城商铺,5.00米,2019/8/31 13:55:59,0.00元/㎡·月,商业街商铺,否,百货超市,解放路商场底价铺，主通道带稳定租客,126万,https://sz.shop.fang.com/shou/3_221335490.html,简装修
3.00米,第1层(共7层),"网络,暖气,停车位,客梯,货梯,扶梯",15㎡,4.00米,"罗湖,人民南",罗湖火车站广场南路,罗湖商业城,5.00米,2019/8/31 14:01:59,0.00元/㎡·月,商业街商铺,否,百货超市,8厘罕见中庭位租9500转角双门面两租客急,150万,https://sz.shop.fang.com/shou/3_221335639.html,简装修
5.10米,7㎡,"停车位,上水,下水,可明火,排烟,排污,外摆区",8㎡,3.00米,"龙岗,龙岗中心城",金地龙城中央商铺,金地龙城中央商铺,3.00米,2019/8/17 12:14:10,10.00元/㎡·月,住宅底商,是,"休闲娱乐,生活服务,美容美发,百货超市,服饰鞋包",深圳120万旧改面积中心商业街铺 低总价 高租金,100万,https://sz.shop.fang.com/shou/3_220947702.html,毛坯
5.10米,第1层(共1层),"网络,暖气,停车位,客梯,货梯,扶梯,中央空调,上水,下水,可明火,排烟,排污,燃气,外摆区",48㎡,10.00米,"光明区,光明",中粮云景国际,中粮云景国际,4.00米,2019/8/31 11:46:03,0.00元/㎡·月,临街门面,否,"百货超市,服饰鞋包,生活服务,美容美发,餐饮美食",《央企一手开发，总价130万起红本，双地铁口物业》,134万,https://sz.shop.fang.com/shou/3_221332087.html,精装修
4.00米,12㎡,"网络,暖气,停车位,客梯,货梯,扶梯,中央空调,上水,下水,可明火,排烟,排污,燃气,外摆区",20㎡,2.00米,"罗湖,东门",东门町广场,东门町广场,8.00米,2019/8/31 11:46:27,35.00元/㎡·月,商业街商铺,是,"百货超市,酒店宾馆,家居建材,服饰鞋包,生活服务,美容美发,餐饮美食,休闲娱乐",转角位双开门 月租8500 卖145万,145万,https://sz.shop.fang.com/shou/3_221332104.html,精装修
,第1层(共2层),,30㎡,5.10米,"龙岗区,龙岗中心城",4.00米,黄阁中路与清林西路交汇处,8.00米,2019/8/14 21:24:31,6.00元/㎡·月,其他,否,龙岗天安数码城,大运深港国际中心楼下街铺出售，单价4万起，即将开售,135万,https://sz.shop.fang.com/shou/3_220869831.html,毛坯
,第90层(共90层),,28㎡,3.00米,"深圳周边区,东莞",5.00米,观光路,4.00米,2019/8/22 20:29:01,0.00元/㎡·月,住宅底商,否,龙光玖龙台,光明6+13号地铁口街铺 无缝对接光明街区商,126万,https://sz.shop.fang.com/shou/3_221104769.html,简装修
,第1层(共2层),,45㎡,7.00米,"深圳周边区,深圳周边",6.00米,松白路,8.00米,2019/8/21 16:21:07,3.00元/㎡·月,其他,否,中粮云景国际,周围全是住宅写字楼 地铁口临街铺 广大消费群体 回宝绿高,110万,https://sz.shop.fang.com/shou/3_221067519.html,毛坯
4.00米,第1层(共10层),,37㎡,7.00米,"罗湖,东门",深圳罗湖东门步行街,太阳百货,5.00米,2019/9/2 15:09:20,0.00元/㎡·月,住宅底商,是,百货超市,140万各付税月租12000 白马市场业主急售,140万,https://sz.shop.fang.com/shou/3_221384848.html,毛坯
4.50米,第1层(共12层),"停车位,客梯,中央空调,燃气",41㎡,10.00米,"龙华区,龙华",佳兆业E立方,佳兆业E立方,5.00米,2019/8/7 12:25:28,5.90元/㎡·月,住宅底商,否,酒店宾馆,深圳北 港铁4号线 佳兆业立方员工团购价110起,115万,https://sz.shop.fang.com/shou/3_220637621.html,毛坯
,第1层(共24层),,35㎡,5.10米,"光明区,公明",6.00米,光明区 公明 长春南路3号,5.00米,2019/8/29 23:25:52,0.00元/㎡·月,购物中心/百货,否,中粮云景国际南区商铺,光明新区中粮央企一手临街铺，双地铁交汇，公民南站300米,120万,https://sz.shop.fang.com/shou/3_221296518.html,简装修
,第1层(共2层),,11㎡,5.10米,"龙岗区,龙岗中心城",5.00米,龙岗区龙翔大道与吉祥中路交汇处东南角,9.00米,2019/8/31 18:36:13,0.00元/㎡·月,其他,否,万科公馆,龙岗中心城 万科广场 一手 总价85万起 现铺出售,143万,https://sz.shop.fang.com/shou/3_221342521.html,简装修
6.10米,第1层(共3层),"网络,暖气,停车位,客梯,货梯,扶梯,中央空调,上水,下水,可明火,排烟,排污,燃气,外摆区",40㎡,7.00米,"龙华区,龙华",龙华人民路与和平路交界处,五米阳光商铺,5.00米,2019/8/31 11:47:50,0.00元/㎡·月,商业街商铺,否,"服饰鞋包,生活服务,餐饮美食",万达专业运营打理，4厘回/报，龙华中心区只要110万起,150万,https://sz.shop.fang.com/shou/3_221332150.html,精装修
5.50米,第1层(共2层),"客梯,上水,下水,可明火,排烟,排污",35㎡,10.00米,"东莞,东城",中熙玖颂江湾,中熙玖颂江湾,3.50米,2019/8/29 18:22:26,0.00元/㎡·月,住宅底商,否,"百货超市,美容美发,餐饮美食,休闲娱乐",带品牌天虹租约 统一运营 稳定收租5年 街区购物中心75万起,114万,https://sz.shop.fang.com/shou/3_221289768.html,毛坯
7.00米,第26层(共30层),"暖气,客梯,货梯",27㎡,8.00米,"宝安,西乡",西乡街道107国道以西、铁仔山公园以东,天谷大楼,6.00米,2019/8/23 10:36:36,5.00元/㎡·月,住宅底商,否,休闲娱乐,宝安·总价120万起带精装修、户户带阳台,120万,https://sz.shop.fang.com/shou/3_221113961.html,精装修
3.00米,第1层(共3层),"客梯,货梯,扶梯",50㎡,4.00米,"罗湖,东门",南塘商业广场10地块永新街1号,南塘商业广场10地块永新街1号,5.00米,2019/8/31 13:20:20,0.00元/㎡·月,商业街商铺,否,百货超市,东门南塘商业城转角临街铺位， 回抱13厘 难于想象,150万,https://sz.shop.fang.com/shou/3_221334743.html,简装修
7.00米,第2层(共2层),"网络,暖气,停车位,客梯,扶梯,中央空调,上水,下水,排烟,排污,燃气",50㎡,8.00米,"光明区,光明",深圳市光明新区公明街道松白路与金安路交汇处中粮云景,中粮云景国际 中粮云景花园南区,6.00米,2019/9/4 10:29:53,6.50元/㎡·月,商业街商铺,否,"餐饮美食,休闲娱乐,生活服务,美容美发,家居建材,服饰鞋包,百货超市",光明地铁临街铺 央企中粮打造70产权现铺，单价2万8,140万,https://sz.shop.fang.com/shou/3_221429138.html,毛坯
6.00米,第1层(共4层),"网络,暖气,停车位,货梯,扶梯,燃气",22㎡,4.00米,"龙华新区,龙华",龙胜路和景龙建设路交汇处,融创智汇大厦,5.00米,2019/9/2 10:01:19,12.00元/㎡·月,住宅底商,是,百货超市,双口综合体商业，均价6万，仅为金茂府住宅价格的1/2,100万,https://sz.shop.fang.com/shou/3_221373659.html,毛坯
3.00米,17㎡,"网络,上水,下水,可明火,排烟,排污,外摆区",18㎡,3.00米,"罗湖,东门",宝华白马商铺,宝华白马商铺,5.00米,2019/6/19 20:57:57,25.00元/㎡·月,住宅底商,是,可明火,罗湖东门商业街 牛状元牛杂铺月收3000带红本出售产权清晰包税费,120万,https://sz.shop.fang.com/shou/3_219175242.html,精装修
3.00米,第1层(共1层),暖气,30.2㎡,1.00米,"宝安,光明",光明新区公明南环大道与振兴路交汇处,奥园峯荟,1.00米,2019/9/2 9:59:30,5.00元/㎡·月,住宅底商,是,百货超市,政策在变，服务不变，好铺急售，如若心动不如行动,143.9万,https://sz.shop.fang.com/shou/3_221373596.html,简装修
5.00米,第-1层(共3层),"网络,暖气,停车位,客梯,货梯,扶梯,中央空调",10㎡,3.00米,"罗湖,东门",罗湖深南东路东门步行街旁,八达商城商铺,3.00米,2019/6/14 15:02:34,20.00元/㎡·月,商业街商铺,否,休闲娱乐,原价170万！！现售价118万！！,118万,https://sz.shop.fang.com/shou/3_218979902.html,精装修
4.00米,12㎡,"网络,暖气,停车位,客梯,货梯,扶梯,中央空调,上水,下水,可明火,排烟,排污,燃气,外摆区",20㎡,2.00米,"罗湖,人民南",罗湖商业城,罗湖商业城,8.00米,2019/9/1 12:11:23,38.00元/㎡·月,商业街商铺,是,"百货超市,酒店宾馆,家居建材,服饰鞋包,生活服务,美容美发,餐饮美食",全场蕞靓的铺 门面八米 总价145万,145万,https://sz.shop.fang.com/shou/3_221355562.html,精装修
4.00米,12㎡,"网络,暖气,停车位,客梯,货梯,扶梯,中央空调,上水,下水,可明火,排烟,排污,燃气,外摆区",20㎡,4.00米,"罗湖,人民南",罗湖商业城,罗湖商业城,4.00米,2019/8/23 13:19:12,38.00元/㎡·月,商业街商铺,是,"百货超市,酒店宾馆,家居建材,服饰鞋包,生活服务,美容美发,餐饮美食,休闲娱乐",罗湖商业城20平方 月租9500 卖135万,135万,https://sz.shop.fang.com/shou/3_221121060.html,精装修
4.00米,12㎡,"网络,暖气,停车位,客梯,货梯,扶梯,中央空调,上水,下水,可明火,排烟,排污,燃气,外摆区",19㎡,4.00米,"罗湖,东门",宝华楼(东门),宝华楼(东门),3.00米,2019/8/15 13:43:54,25.00元/㎡·月,商业街商铺,是,"百货超市,酒店宾馆,家居建材,服饰鞋包,生活服务,美容美发,餐饮美食,休闲娱乐",宝华楼一楼 19平方 月租9500元 卖139万包税,139万,https://sz.shop.fang.com/shou/3_220887102.html,精装修
5.10米,第1层(共1层),"网络,暖气,停车位,客梯,货梯,扶梯,中央空调,上水,下水,可明火,排烟,排污,燃气,外摆区",48㎡,10.00米,"光明区,光明",中粮云景国际,中粮云景国际,4.00米,2019/8/31 11:14:34,0.00元/㎡·月,写字楼配套底商,否,"百货超市,服饰鞋包,生活服务,美容美发,餐饮美食,休闲娱乐",《央企一手开发，总价130万起红本，双地铁口物业》,130万,https://sz.shop.fang.com/shou/3_221330782.html,精装修
1.00米,第1层(共1层),"网络,暖气,停车位,货梯,扶梯,中央空调,上水,下水,可明火,排烟,排污,燃气,外摆区",50㎡,1.00米,"盐田,沙头角",大梅沙内环路南，中心湖北（东部华侨城大峡谷入口处）,八十步海寓商铺,1.00米,2019/8/28 17:38:14,1.00元/㎡·月,住宅底商,是,百货超市,世纪模式启动，奥特莱斯带8厘，12年租约100%返租,150万,https://sz.shop.fang.com/shou/3_221261263.html,简装修
6.00米,第1层(共1层),"网络,停车位,中央空调,上水,下水,可明火,排烟,排污,燃气,外摆区",43㎡,7.10米,"光明区,光明",光明新区观光路与邦凯路交汇处(光明会展中心对面),光明大第商铺,6.00米,2019/7/30 15:50:31,6.00元/㎡·月,住宅底商,是,看行业需求,光明金铺 业主急出 有红本 “单价仅2字头”想看过来,110万,https://sz.shop.fang.com/shou/3_220401203.html,毛坯
7.00米,第2层(共2层),"网络,暖气,停车位,客梯,扶梯,中央空调,上水,下水,排烟,排污,燃气",50㎡,8.00米,"光明区,光明",深圳市光明新区公明街道松白路与金安路交汇处中粮云景,中粮云景国际 中粮云景花园南区,6.00米,2019/8/24 16:40:25,6.50元/㎡·月,商业街商铺,否,"生活服务,餐饮美食,家居建材,休闲娱乐,百货超市,美容美发,服饰鞋包",央企中粮打造 双地铁无线接驳 70产权现铺，光明国际科学城,140万,https://sz.shop.fang.com/shou/3_221154286.html,毛坯
,第90层(共90层),,30㎡,3.00米,"龙岗,龙岗中心城",5.00米,深圳市龙岗区龙平东路回龙埔段,4.00米,2019/8/16 21:46:35,0.00元/㎡·月,其他,否,长江花园商铺,长江花园 临街 地铁口物业 龙岗 回龙埔站,108万,https://sz.shop.fang.com/shou/3_220935288.html,简装修
,第1层(共2层),"网络,暖气,停车位,客梯,货梯,扶梯,燃气",53㎡,7.00米,"龙岗,布吉",6.00米,布吉大靓路又一村花园门口,8.00米,2019/9/4 9:59:43,1.00元/㎡·月,住宅底商,否,又一村花园商铺,龙岗布吉总价150万六米餐饮铺业主年底用钱急卖,150万,https://sz.shop.fang.com/shou/3_221427425.html,精装修
5.50米,第2层(共2层),"暖气,客梯,上水,下水,排烟,排污",43㎡,10.00米,"宝安,西乡",107国道以西、铁仔山公园以东,天谷大楼,4.30米,2019/8/29 7:44:17,0.00元/㎡·月,住宅底商,否,百货超市,新上铁仔山天谷大楼，首付60万，带阳台通燃气,118万,https://sz.shop.fang.com/shou/3_221269933.html,精装修
,第90层(共90层),,30㎡,3.00米,"龙岗,龙岗中心城",5.00米,深圳市龙岗区龙平东路回龙埔段,4.00米,2019/8/16 21:48:44,0.00元/㎡·月,其他,否,长江花园商铺,龙岗中心临街 地铁口物业 108万,109万,https://sz.shop.fang.com/shou/3_220935335.html,简装修
,第1层(共2层),,60㎡,6.00米,"光明新区,光明",6.00米,松白路,10.00米,2019/8/24 10:17:11,6.50元/㎡·月,商业街商铺,否,中粮云景国际（南区）商铺,光明新区地铁口铺 使用 现铺即买即收租 成熟商圈,148.8万,https://sz.shop.fang.com/shou/3_221141553.html,简装修
5.00米,第1层(共1层),"停车位,上水,下水,排烟,排污",30.22㎡,7.00米,"龙岗,龙岗中心城",鹏达路与鹏达商业街交汇处,叠翠新峰花园,3.00米,2019/8/31 16:41:59,6.00元/㎡·月,住宅底商,否,"服饰鞋包,生活服务,美容美发,餐饮美食",龙岗叠翠新峰花园》130万的临街铺》业主直售,130万,https://sz.shop.fang.com/shou/3_221339917.html,毛坯
5.00米,第4层(共6层),"网络,暖气,停车位,客梯,货梯,扶梯,中央空调",20㎡,5.00米,"罗湖,人民南",罗湖火车站广场南路,罗湖商业城,3.00米,2019/6/14 0:31:18,38.00元/㎡·月,商业街商铺,否,百货超市,9厘！！原价175万！现价128万！租金9500元！,128万,https://sz.shop.fang.com/shou/3_218957196.html,精装修
5.10米,第2层(共2层),"网络,暖气,停车位,客梯,货梯,扶梯,中央空调,上水,下水,可明火,排烟,排污,燃气,外摆区",35㎡,8.00米,"光明区,公明",松白路与金安路交汇处（近公明汽车站）,中粮云景商铺,6.00米,2019/8/26 11:15:28,10.00元/㎡·月,商业街商铺,否,"百货超市,酒店宾馆,家居建材,服饰鞋包,生活服务,美容美发,餐饮美食,休闲娱乐",光明区地铁口一手铺位出售，未来深圳经济新的增长点，3万单价起,150万,https://sz.shop.fang.com/shou/3_221194878.html,毛坯
,第1层(共2层),,25㎡,1.00米,"宝安区,沙井",1.00米,上星南路,4.00米,2019/8/22 20:28:28,0.00元/㎡·月,商业街商铺,否,万科星城,500强品牌，洞悉湾区发展蓬勃之势，布局城市精粹领地，,150万,https://sz.shop.fang.com/shou/3_221104749.html,简装修
3.00米,第1层(共1层),,12.25㎡,1.00米,"罗湖,东门",罗湖深南东路东门步行街旁,八达商城商铺,1.00米,2019/8/28 10:18:28,5.00元/㎡·月,住宅底商,是,服饰鞋包,八达商城，急售，9厘汇报 总价低 主通道,120万,https://sz.shop.fang.com/shou/3_221246617.html,简装修
6.00米,第1层(共32层),,40㎡,8.00米,"龙岗,龙岗中心城",深圳龙岗大道与龙城大道交汇处,金地龙城中央商铺,5.00米,2019/8/19 16:40:49,6.00元/㎡·月,住宅底商,是,百货超市,全城 金地 首付45万起 租金3000,120万,https://sz.shop.fang.com/shou/3_221011059.html,毛坯
,第1层(共2层),,40.63㎡,3.00米,"光明新区,光明",4.00米,松白路,10.00米,2019/8/29 20:47:31,6.50元/㎡·月,商业街商铺,否,中粮云景国际（南区）商铺,4米门面，中粮65万商业体，20万消费群，地铁接驳，人气旺,121.89万,https://sz.shop.fang.com/shou/3_221293576.html,简装修
7.00米,第2层(共2层),"暖气,上水,下水,排烟,排污",43㎡,8.00米,"宝安,西乡",107国道以西、铁仔山公园以东,天谷大楼,6.00米,2019/8/20 11:04:46,3.00元/㎡·月,住宅底商,否,生活服务,新上铁仔山天谷大楼，首付60万，带阳台通燃气,118万,https://sz.shop.fang.com/shou/3_221027585.html,精装修
4.00米,12㎡,"网络,暖气,停车位,客梯,货梯,扶梯,中央空调,上水,下水,可明火,排烟,排污,燃气,外摆区",20㎡,1.50米,"罗湖,人民南",罗湖商业城,罗湖商业城,8.00米,2019/9/2 19:57:23,38.00元/㎡·月,商业街商铺,是,"百货超市,酒店宾馆,家居建材,服饰鞋包,生活服务,美容美发,餐饮美食,休闲娱乐",中庭位 八米门宽 20平方店铺 急卖145万,145万,https://sz.shop.fang.com/shou/3_221393225.html,精装修
,第90层(共90层),,163.6㎡,1.00米,"宝安,西乡",1.00米,"宝城76区,锦花路与西乡大道交汇处",1.00米,2019/8/1 18:20:21,0.00元/㎡·月,其他,否,天骄世家商铺,（急售做上市公司的房东）单价6.7万 做15米转角永辉集团的,100万,https://sz.shop.fang.com/shou/3_220468137.html,毛坯
,第1层(共2层),,40㎡,6.00米,"光明区,公明",3.50米,光明区 公明 长春南路3号,11.00米,2019/8/29 22:02:23,6.50元/㎡·月,商业街商铺,否,中粮云景国际南区商铺,双地铁无缝对接，低总价综合体准现铺，,112万,https://sz.shop.fang.com/shou/3_221295859.html,毛坯
6.00米,18㎡,"网络,停车位,客梯,货梯,扶梯,中央空调,上水,下水,可明火,排烟,排污,燃气,外摆区",20㎡,4.00米,"光明区,公明",奥园和平广场,奥园和平广场,5.00米,2019/6/14 10:20:06,6.00元/㎡·月,商业街商铺,是,餐饮为主,深圳铺卖住宅价 以租养供 付个首付就地收租 楼下地铁楼上万住户,100万,https://sz.shop.fang.com/shou/3_218964715.html,精装修
,第1层(共33层),,66㎡,5.10米,"光明区,公明",4.50米,松白路与金安路交汇,12.00米,2019/9/2 10:36:47,6.00元/㎡·月,商业街商铺,否,中粮云景,开发商一手铺总价120万起，你值得拥有,150万,https://sz.shop.fang.com/shou/3_221375382.html,毛坯
,第1层(共1层),,61㎡,5.50米,"龙岗区,横岗",6.10米,龙岗大道与保康路交汇处北侧(3号线横岗站C出口),10.00米,2019/8/27 21:21:02,0.00元/㎡·月,商业街商铺,否,荣德国际,地铁口，转角双开间，年收9万，现租面包店，买即收租,140.3万,https://sz.shop.fang.com/shou/3_221240335.html,毛坯
,第1层(共1层),,68㎡,5.50米,"龙岗区,横岗",6.80米,龙岗大道与保康路交汇处北侧(3号线横岗站C出口),10.00米,2019/8/27 21:20:04,0.00元/㎡·月,商业街商铺,否,荣德国际,美食商业街~奶茶~年租金12万有产权,136万,https://sz.shop.fang.com/shou/3_221240306.html,毛坯
,第1层(共8层),,23㎡,4.50米,"龙华区,龙华",3.00米,龙华人民路与工业大道交汇处,8.00米,2019/8/15 13:50:55,0.00元/㎡·月,其他,否,风和日丽二期商铺,壹城中心旁 成熟大社区临街 红本在手 总价低,149.5万,https://sz.shop.fang.com/shou/3_220887313.html,毛坯
,第1层(共2层),,77㎡,5.10米,"东莞,凤岗",5.50米,东莞市凤岗镇中心区（金凯悦大酒店旁）凤深大道与财富路交界处,10.00米,2019/8/15 22:49:05,0.00元/㎡·月,购物中心/百货,否,锦龙又一城商铺,临龙华商业综合体的 临街总价低 统一管理五年,138.6万,https://sz.shop.fang.com/shou/3_220903758.html,简装修
4.00米,8㎡,"客梯,货梯,扶梯,下水",15㎡,4.00米,"罗湖,东门",东门南塘商业广场B区,东门南塘商业广场B区,3.00米,2019/6/6 17:19:51,22.00元/㎡·月,住宅底商,是,服饰鞋包,月租8500元，业主仅售130万,130万,https://sz.shop.fang.com/shou/3_218671325.html,精装修
7.00米,第2层(共2层),"网络,暖气,停车位,客梯,扶梯,中央空调,上水,下水,排烟,排污,燃气",50㎡,8.00米,"光明区,光明",深圳市光明新区公明街道松白路与金安路交汇处中粮云景,中粮云景国际 中粮云景花园南区,6.00米,2019/8/15 11:14:49,6.50元/㎡·月,商业街商铺,否,"服饰鞋包,百货超市,美容美发,家居建材,休闲娱乐,生活服务,餐饮美食",央企中粮打造 双地铁无线接驳 70产权现铺，光明国际科学城,140万,https://sz.shop.fang.com/shou/3_220881243.html,毛坯
4.00米,12㎡,"网络,暖气,停车位,客梯,货梯,扶梯,中央空调,上水,下水,可明火,排烟,排污,燃气,外摆区",20㎡,1.50米,"罗湖,人民南",罗湖商业城,罗湖商业城,8.00米,2019/8/27 11:10:46,38.00元/㎡·月,商业街商铺,是,"百货超市,酒店宾馆,家居建材,服饰鞋包,生活服务,美容美发,餐饮美食,休闲娱乐",八米门面 大转角铺 卖139万 可租1.2万,139万,https://sz.shop.fang.com/shou/3_221220935.html,精装修
3.00米,第6层(共23层),"停车位,客梯,货梯,中央空调,上水,下水,可明火,排烟,排污",31㎡,9.00米,"龙岗,龙岗中心城",启迪协信科技园,启迪协信科技园,3.00米,2019/7/22 18:12:26,3.80元/㎡·月,住宅底商,否,"百货超市,服饰鞋包,生活服务,美容美发,餐饮美食,休闲娱乐",龙岗大运 启迪协信科技园 一手精装 首付50万起,108万,https://sz.shop.fang.com/shou/3_220160003.html,精装修
7.00米,第1层(共3层),"网络,停车位,客梯,货梯,扶梯,中央空调,上水,下水,可明火,排烟,排污,燃气,外摆区",45㎡,8.00米,"南山,西丽",南山区留仙洞战略型新兴产业总部基地石鼓路与打石一路交汇处,万科云城商铺,6.00米,2019/8/20 10:53:05,4.60元/㎡·月,住宅底商,是,看行业需求,深圳生活压力大？每月工资不够花？那是因为你选择不对 ！,120万,https://sz.shop.fang.com/shou/3_221027011.html,毛坯
5.10米,第-1层(共4层),"网络,暖气,停车位,客梯,货梯,扶梯,中央空调,上水,下水,可明火,排烟,排污,燃气",50㎡,5.00米,"光明区,公明",光明新区松白路与金安路交汇处,中粮云锦,4.00米,2019/8/24 11:27:13,12.00元/㎡·月,商业街商铺,否,"餐饮美食,休闲娱乐",光明核心位置，低单价、低总价、地铁换乘站口、国企开发商产品，,140万,https://sz.shop.fang.com/shou/3_221145493.html,毛坯
4.00米,12㎡,"网络,暖气,停车位,客梯,货梯,扶梯,中央空调,上水,下水,可明火,排烟,排污,燃气,外摆区",20㎡,1.50米,"罗湖,人民南",罗湖商业城,罗湖商业城,8.00米,2019/8/27 17:12:12,38.00元/㎡·月,商业街商铺,是,"百货超市,酒店宾馆,家居建材,服饰鞋包,生活服务,美容美发,餐饮美食,休闲娱乐",罗湖商业城4楼 8米门面店铺 急卖140万,140万,https://sz.shop.fang.com/shou/3_221232766.html,精装修
3.00米,40㎡,"暖气,上水,下水,排烟,排污",43㎡,3.00米,"宝安,西乡",天谷大楼,天谷大楼,3.00米,2019/8/4 22:03:44,3.00元/㎡·月,住宅底商,否,生活服务,新上铁仔山天谷大楼，首付60万，带阳台通燃气,118万,https://sz.shop.fang.com/shou/3_220562265.html,精装修
7.00米,第1层(共2层),"网络,停车位,中央空调,上水,下水,可明火,排烟,排污,燃气,外摆区",43㎡,8.00米,"宝安,西乡",107国道以西、铁仔山公园以东,天谷大楼,6.00米,2019/8/23 10:33:17,5.00元/㎡·月,住宅底商,否,"餐饮美食,休闲娱乐,生活服务",新上铁仔山天谷大楼，首付60万，带阳台通燃气 小面积好出手,118万,https://sz.shop.fang.com/shou/3_221114059.html,毛坯
,第1层(共20层),,50㎡,,"龙岗,龙岗中心城",8.00米,4.00米,6.00米,2019/8/29 15:14:36,5.00元/㎡·月,否,风临四季花园商铺,深汕路金龙大酒店对面(规划中鸿基路旁),龙岗中心城义乌批发市场街铺50平140万,140万,https://sz.shop.fang.com/shou/3_221283488.html,住宅底商
5.10米,第1层(共1层),"网络,暖气,停车位,客梯,货梯,扶梯,中央空调,上水,下水,排烟,排污,燃气",23㎡,6.50米,"龙华区,龙华",龙华人民路与工业大道交汇处,风和日丽商铺,3.50米,2019/7/17 13:10:22,0.00元/㎡·月,住宅底商,否,"生活服务,餐饮美食",小面积正街铺 总价才150万 业主不懂市场 诚售,150万,https://sz.shop.fang.com/shou/3_219997108.html,精装修
4.00米,12㎡,"网络,暖气,停车位,客梯,货梯,扶梯,中央空调,上水,下水,可明火,排烟,排污,燃气,外摆区",20㎡,4.00米,"罗湖,人民南",罗湖商业城,罗湖商业城,4.00米,2019/8/14 14:37:56,38.00元/㎡·月,商业街商铺,是,"百货超市,酒店宾馆,家居建材,服饰鞋包,生活服务,美容美发,餐饮美食,休闲娱乐",罗湖口岸笋盘出售 20平方 月租9500 卖135万,135万,https://sz.shop.fang.com/shou/3_220856462.html,精装修
,第1层(共1层),,40㎡,3.00米,"厚街区,康乐南",5.00米,东莞地铁R2线陈屋站F出口南行约500米,4.00米,2019/6/6 18:35:29,4.50元/㎡·月,住宅底商,否,卓越维港别墅,维港 40-70平 1手 万达商圈+地铁口物业,135万,https://sz.shop.fang.com/shou/3_218674454.html,毛坯
5.00米,第2层(共6层),,56㎡,10.00米,"龙岗,龙岗中心城",中心城龙平东路与龙城中路交汇处东南角（尚景欣园站北100米）,汇龙天下商铺,5.00米,2019/7/23 11:35:11,0.00元/㎡·月,住宅底商,是,百货超市,欲买桂花同载酒 终不似 少年游 买套房吧 136万地铁口两房,135.52万,https://sz.shop.fang.com/shou/3_220178660.html,毛坯
7.00米,第1层(共2层),"网络,暖气,停车位,客梯,扶梯,中央空调,上水,下水,排烟,排污,燃气",50㎡,8.00米,"光明区,光明",深圳市光明新区公明街道松白路与金安路交汇处中粮云景,中粮云景国际 中粮云景花园南区,6.00米,2019/9/4 10:31:32,6.50元/㎡·月,商业街商铺,否,"餐饮美食,休闲娱乐,生活服务,美容美发,家居建材,服饰鞋包,百货超市",光明地铁临街铺 央企中粮打造70产权现铺，单价2万8,140万,https://sz.shop.fang.com/shou/3_221429221.html,毛坯
7.00米,第1层(共2层),"上水,下水",47㎡,8.00米,"龙华区,龙华",深圳龙华区大浪街道福龙路旁,恒大时尚慧谷,6.00米,2019/8/20 11:18:52,3.00元/㎡·月,住宅底商,是,休闲娱乐,龙华公园旁 通天然气带精装修 带阳台85万起,130万,https://sz.shop.fang.com/shou/3_221028178.html,精装修
,第22层(共31层),"网络,暖气,停车位,客梯,货梯,扶梯,中央空调,上水,下水,排烟,排污,燃气,外摆区",45.82㎡,7.00米,"宝安,西乡",6.00米,铁仔山公园,8.00米,2019/8/20 11:07:08,5.50元/㎡·月,住宅底商,否,天谷,宝安西乡天谷精装修 首付60万起、顶楼无边泳池,120万,https://sz.shop.fang.com/shou/3_221027707.html,精装修
4.00米,第3层(共5层),"客梯,货梯,扶梯",15㎡,4.00米,"罗湖,蔡屋围",罗湖火车站广场南路,罗湖火车站广场南路,3.00米,2019/8/31 13:31:04,0.00元/㎡·月,商业街商铺,否,百货超市,罗商中庭铺，老租客租8千，业主急售，看中议价,120万,https://sz.shop.fang.com/shou/3_221334975.html,简装修
2.80米,第1层(共1层),"网络,暖气,上水,下水,排烟,排污,燃气",37㎡,10.00米,"龙岗,龙岗中心城",深圳龙岗大道与龙城大道交汇处,金地龙城中央商铺,2.00米,2019/8/17 12:02:56,10.00元/㎡·月,商业街商铺,是,"生活服务,美容美发,百货超市",龙岗中心城首付几十万的一手,130万,https://sz.shop.fang.com/shou/3_220947310.html,简装修
,第1层(共1层),,30㎡,5.10米,"坪山区,坪山",6.00米,坪山区中山大道与金环二路交汇处以东,5.00米,2019/8/27 10:42:54,5.00元/㎡·月,住宅底商,是,泰禾中央广场商铺,低总价 小面积 易转手 高前景 一手餐饮铺,150万,https://sz.shop.fang.com/shou/3_221219215.html,毛坯
4.00米,第1层(共8层),"客梯,货梯,扶梯,中央空调,上水,下水,燃气",25㎡,4.00米,"罗湖,东门",深圳市罗湖区二横街85号,宝华楼(东门),4.00米,2019/6/7 14:26:08,25.00元/㎡·月,住宅底商,是,服饰鞋包,月租13500元，年租16.2万，仅售150万,150万,https://sz.shop.fang.com/shou/3_218702777.html,精装修
,第1层(共2层),"网络,暖气,停车位,客梯,货梯,扶梯,燃气",29㎡,7.00米,"龙华区,龙华",6.00米,龙华人民路与工业大道交汇处,8.00米,2019/9/4 10:12:08,1.20元/㎡·月,住宅底商,否,风和日丽商铺,深圳北站临街小铺位业主因年底用钱急卖买到到,120万,https://sz.shop.fang.com/shou/3_221428194.html,毛坯
5.10米,第1层(共2层),"网络,暖气,停车位,客梯,货梯,扶梯,中央空调,上水,下水,可明火,排烟,排污,燃气,外摆区",50㎡,7.50米,"宝安,西乡",前进路与流塘路交汇处,中粮锦云商铺,3.00米,2019/6/15 16:14:10,3.30元/㎡·月,商业街商铺,否,"百货超市,酒店宾馆,家居建材,服饰鞋包,生活服务,美容美发,餐饮美食,休闲娱乐",中粮云景国际500强央企 双-地-铁上-盖 单价22000起 60万平商业,140万,https://sz.shop.fang.com/shou/3_219019579.html,毛坯
6.00米,第1层(共2层),"停车位,上水,下水,排烟,排污",34㎡,9.00米,"龙岗,龙岗中心城",深圳市龙岗区龙平东路回龙埔段,长江花园商铺,3.00米,2019/8/27 18:12:23,0.70元/㎡·月,住宅底商,否,"生活服务,餐饮美食,百货超市",长江花园临街地铁口物业龙岗第二条地铁回龙埔,145万,https://sz.shop.fang.com/shou/3_221234772.html,毛坯
7.00米,第2层(共2层),"网络,停车位,中央空调,上水,下水,可明火,排烟,排污,燃气,外摆区",43㎡,8.00米,"宝安,西乡",107国道以西、铁仔山公园以东,天谷大楼,6.00米,2019/8/20 11:05:21,5.00元/㎡·月,住宅底商,否,"生活服务,餐饮美食,休闲娱乐",新上铁仔山天谷大楼，首付60万，带阳台通燃气 小面积好出手,118万,https://sz.shop.fang.com/shou/3_221027621.html,毛坯
,第1层(共1层),,25㎡,1.00米,"龙华区,龙华",1.00米,龙华镇和平西路与中环路交汇处,1.00米,2019/8/14 10:33:48,0.00元/㎡·月,其他,否,富通天骏商铺,单价4万就可以 置业双地铁铺？超4里 ！来电享7折,125万,https://sz.shop.fang.com/shou/3_220846860.html,毛坯
,第1层(共43层),"网络,暖气,停车位,客梯,货梯,扶梯,中央空调,上水,下水,可明火,排烟,排污,燃气,外摆区",27㎡,3.00米,"宝安,西乡",6.00米,西乡,6.00米,2019/9/1 13:11:48,6.00元/㎡·月,写字楼配套底商,否,中国天谷,总价120万可购买中国天谷大楼一手精装公-寓,120万,https://sz.shop.fang.com/shou/3_221356757.html,精装修
6.20米,第1层(共29层),"网络,停车位,燃气",15.31㎡,2.00米,"龙华区,龙华",龙华镇梅龙大道与布龙公路交汇处,金地梅陇镇商铺,8.00米,2019/7/20 16:51:22,4.50元/㎡·月,临街门面,是,"服饰鞋包,生活服务,美容美发,餐饮美食,休闲娱乐",笋盘笋盘业主出国低价急售,128万,https://sz.shop.fang.com/shou/3_200131671.html,精装修
3.00米,45㎡,"网络,停车位,客梯,货梯,扶梯,上水",51㎡,11.00米,"龙岗,龙岗中心城",龙岗新生村旁,集银皮革市场,4.00米,2019/7/25 10:28:46,5.50元/㎡·月,简装修,商业街商铺,否,龙岗集银转角 旧改区域  急用钱出售,100万,https://sz.shop.fang.com/shou/3_220235237.html,第1层(共2层)
5.00米,第2层(共8层),,15㎡,3.00米,"罗湖,人民南",罗湖火车站广场南路,罗湖商业城,5.00米,2019/8/16 10:00:20,0.00元/㎡·月,住宅底商,是,百货超市,罗湖商业城中庭转角铺急售109万 租金9100元,109万,https://sz.shop.fang.com/shou/3_220907995.html,简装修
4.00米,12㎡,"网络,暖气,停车位,客梯,货梯,扶梯,中央空调,上水,下水,可明火,排烟,排污,燃气,外摆区",20㎡,4.00米,"罗湖,东门",宝华楼(东门),宝华楼(东门),3.00米,2019/8/26 11:10:10,25.00元/㎡·月,商业街商铺,是,"百货超市,酒店宾馆,家居建材,服饰鞋包,生活服务,美容美发,餐饮美食,休闲娱乐",宝华楼一楼20平方 月租9500元 卖135万,135万,https://sz.shop.fang.com/shou/3_221194678.html,精装修
3.00米,第1层(共5层),"网络,暖气,停车位,客梯,货梯,扶梯",20㎡,4.00米,"罗湖,东门",深圳市罗湖区东门解放路,九龙城商铺,5.00米,2019/8/31 13:59:45,0.00元/㎡·月,商业街商铺,否,百货超市,30万 东门主通道铺位 美食城旁租金5800,110万,https://sz.shop.fang.com/shou/3_221335592.html,简装修
5.10米,30㎡,"网络,上水,下水,排烟,排污",54㎡,6.00米,"光明区,公明",中粮云景国际广场,中粮云景国际广场,4.50米,2019/9/4 9:18:10,6.50元/㎡·月,商业街商铺,否,餐饮美食,地铁口电梯口前后通双门面餐饮铺，开发商一手,130万,https://sz.shop.fang.com/shou/3_221425903.html,毛坯
5.00米,68㎡,"网络,暖气,停车位,客梯,货梯,扶梯,中央空调,上水,下水,可明火,排烟,排污,燃气,外摆区",73㎡,13.00米,"南山,西丽",万科云街,万科云街,6.00米,2019/9/3 23:44:53,12.00元/㎡·月,商业街商铺,是,"服饰鞋包,生活服务,美容美发,餐饮美食,休闲娱乐",香港网络地标红盘！亚洲新第壹高铁总站新科技总部基地大疆无人机,149.65万,https://sz.shop.fang.com/shou/3_221423502.html,精装修
,第1层(共2层),,36㎡,6.00米,"深圳周边区,深圳周边",4.00米,崇焕中路133号,12.00米,2019/7/20 12:23:59,3.00元/㎡·月,其他,否,玖颂江湾(商住楼),带品牌天虹租约 统一运营 街区购物中心75万起,114万,https://sz.shop.fang.com/shou/3_220090170.html,精装修
,第1层(共2层),,11㎡,5.10米,"龙岗区,龙岗中心城",5.00米,龙岗区龙翔大道与吉祥中路交汇处东南角,9.00米,2019/8/17 22:28:27,0.00元/㎡·月,写字楼配套底商,否,万科公馆,龙岗中心城 万科广场 一手 总价85万起 现铺出售,143万,https://sz.shop.fang.com/shou/3_220964348.html,简装修
3.00米,第1层(共33层),"网络,暖气,停车位,客梯,货梯,扶梯",12㎡,4.00米,"罗湖,东门",南塘商业广场10地块永新街1号,南塘商业广场商铺,5.00米,2019/8/31 13:34:45,0.00元/㎡·月,商业街商铺,否,百货超市,"东门美食街与服装城交汇处转角铺急售120万,带租约",120万,https://sz.shop.fang.com/shou/3_221335035.html,简装修
5.00米,第1层(共1层),"停车位,上水,下水",25㎡,8.00米,"龙华区,龙华",宝安区龙华梅龙路与布龙路交汇处,锦绣江南三期商铺,3.00米,2019/8/3 20:23:28,2.10元/㎡·月,住宅底商,否,"服饰鞋包,生活服务,美容美发,休闲娱乐",龙华锦绣江南人人乐商圈 铺位展示面漂亮 收租稳定,150万,https://sz.shop.fang.com/shou/3_220531113.html,简装修
,第2层(共2层),,50㎡,7.00米,"光明新区,光明",6.00米,松白路,8.00米,2019/8/21 17:09:46,6.50元/㎡·月,其他,否,中粮云景国际（南区）商铺,央企中粮打造 双地铁无线接驳 70产权现铺，光明国际科学城,140万,https://sz.shop.fang.com/shou/3_221069246.html,毛坯
5.50米,第1层(共3层),"网络,暖气,停车位,客梯,货梯,扶梯,中央空调,上水,下水,可明火,排烟,排污,燃气,外摆区",50㎡,10.00米,"东莞,樟木头",先威路,奥园城市天地,5.00米,2019/8/28 19:49:20,0.00元/㎡·月,住宅底商,否,百货超市,比住宅还便宜的铺位 带稳定租约 年达5% 高6米隔两层,150万,https://sz.shop.fang.com/shou/3_221264789.html,毛坯
7.00米,第2层(共8层),"网络,停车位,上水,下水,可明火,排烟,排污,外摆区",31㎡,8.00米,"龙岗,龙岗中心城",龙岗区中心城11号地块，愉福路,福园小区商铺,6.00米,2019/9/4 13:44:50,0.60元/㎡·月,住宅底商,否,"家居建材,百货超市,生活服务,酒店宾馆,餐饮美食,服饰鞋包,美容美发,休闲娱乐",龙岗中心城福园小区临街31平急售122万红本在手带租约,122万,https://sz.shop.fang.com/shou/3_221435908.html,精装修
7.00米,第4层(共49层),"网络,暖气,停车位,客梯,货梯,扶梯,中央空调,上水,下水,可明火,排烟,排污,燃气,外摆区",73㎡,8.00米,"南山,西丽",创科路与打石二路交汇处,万科云街,6.00米,2019/9/4 12:12:43,12.00元/㎡·月,商业街商铺,是,"休闲娱乐,美容美发,餐饮美食,服饰鞋包,生活服务",香港网络地标红盘！亚洲新第壹高铁总站新科技总部基地大疆无人机,149.65万,https://sz.shop.fang.com/shou/3_221433693.html,精装修
5.10米,第1层(共1层),"停车位,客梯,货梯,上水,下水,可明火,排烟,排污",11.03㎡,3.00米,"龙岗,龙岗中心城",万科里,万科时代广场,3.00米,2019/8/17 20:08:14,10.00元/㎡·月,商业街商铺,否,"百货超市,服饰鞋包,生活服务,美容美发,餐饮美食,休闲娱乐",首付45万起 买万科一手餐饮 仅有24套 即,150万,https://sz.shop.fang.com/shou/3_220960626.html,毛坯
6.00米,第1层(共3层),"网络,暖气,停车位,客梯,货梯,扶梯,中央空调,上水,下水,可明火,排烟,排污,燃气,外摆区",30㎡,9.00米,"宝安,西乡",固戍A出口,红禧公馆,3.00米,2019/7/16 13:31:04,26.00元/㎡·月,商业街商铺,否,"百货超市,酒店宾馆,家居建材,服饰鞋包,生活服务,美容美发,餐饮美食,休闲娱乐",固戍潮玩广场红禧公馆全能特价！,132万,https://sz.shop.fang.com/shou/3_219966466.html,毛坯
7.00米,第2层(共2层),"网络,暖气,停车位,客梯,扶梯,中央空调,上水,下水,排烟,排污,燃气",50㎡,8.00米,"光明区,光明",深圳市光明新区公明街道松白路与金安路交汇处中粮云景,中粮云景国际 中粮云景花园南区,6.00米,2019/9/4 10:27:31,6.50元/㎡·月,商业街商铺,否,"餐饮美食,休闲娱乐,生活服务,美容美发,家居建材,服饰鞋包,百货超市",光明地铁临街铺 央企中粮打造70产权现铺，单价2万8,140万,https://sz.shop.fang.com/shou/3_221429010.html,毛坯
7.00米,第1层(共2层),"网络,暖气,停车位,客梯,货梯,扶梯,中央空调,上水,下水,可明火,排烟,排污,燃气,外摆区",45㎡,8.00米,"光明区,光明",光明金安路,中粮云景国际,6.00米,2019/8/17 10:20:46,3.00元/㎡·月,住宅底商,是,"家居建材,百货超市,生活服务,酒店宾馆,餐饮美食,服饰鞋包,美容美发,休闲娱乐",周围全是住宅写字楼 地铁口临街铺 广大消费群体 回宝绿高,110万,https://sz.shop.fang.com/shou/3_220942322.html,毛坯
5.00米,40㎡,"网络,停车位,中央空调,上水,下水,可明火,排烟,排污,燃气,外摆区",45㎡,8.00米,"光明区,公明",中粮云景国际,中粮云景国际,5.00米,2019/9/2 10:58:07,2.00元/㎡·月,住宅底商,否,"餐饮美食,休闲娱乐",双地铁无逢连接铺。单价2.8万起。总价110万起,110万,https://sz.shop.fang.com/shou/3_221376496.html,毛坯
,第1层(共16层),,73㎡,7.00米,"南山,西丽",6.00米,创科路与打石二路交汇处,8.00米,2019/8/20 10:57:12,0.00元/㎡·月,住宅底商,是,云街,（香港网络地标红盘）亚洲第壹高铁总站新科技总部基地大疆无人机,149.65万,https://sz.shop.fang.com/shou/3_221027185.html,简装修
,第25层(共31层),"网络,暖气,停车位,客梯,货梯,扶梯,中央空调,上水,下水,可明火,排烟,排污,燃气,外摆区",27㎡,3.00米,"宝安,西乡",4.00米,中国天谷,8.00米,2019/8/31 16:09:06,0.00元/㎡·月,写字楼配套底商,否,中国天谷,前海铁仔山科技城 地铁口精装公++寓 看山景景观,118.8万,https://sz.shop.fang.com/shou/3_221339027.html,精装修
5.50米,第1层(共8层),"网络,上水,排烟",36㎡,15.00米,"龙岗,布吉",布吉镇水径村,中海怡翠山庄商铺,5.00米,2019/8/31 17:15:05,1.10元/㎡·月,住宅底商,否,生活服务,布吉总价108万，比住宅还便宜的，买到钻到,108万,https://sz.shop.fang.com/shou/3_221340629.html,毛坯
5.50米,第1层(共1层),客梯,50㎡,10.00米,"光明区,光明",光明区-光明-中粮云景国际南区商铺,中粮云景国际南区商铺,5.00米,2019/8/29 10:30:04,0.00元/㎡·月,商业街商铺,否,百货超市,"单价才2.8万公明广场双地铁口物业地铁连体,1年",140万,https://sz.shop.fang.com/shou/3_221274090.html,简装修
5.10米,40㎡,"网络,暖气,停车位,客梯,货梯,扶梯,中央空调,上水,下水,可明火,排烟,排污,燃气,外摆区",50㎡,8.00米,"光明区,公明",中粮云景国际,中粮云景国际,5.00米,2019/8/30 11:48:35,8.00元/㎡·月,购物中心/百货,是,"百货超市,酒店宾馆,家居建材,服饰鞋包,生活服务,美容美发,餐饮美食,休闲娱乐",光明央企中粮云景单价2.6万6号线地铁站无缝接驳70年产,125万,https://sz.shop.fang.com/shou/3_221305178.html,毛坯
7.00米,第1层(共2层),"网络,暖气,停车位,客梯,扶梯,中央空调,上水,下水,排烟,排污,燃气",50㎡,8.00米,"光明区,光明",深圳市光明新区公明街道松白路与金安路交汇处中粮云景,中粮云景国际 中粮云景花园南区,6.00米,2019/9/4 10:28:12,6.50元/㎡·月,商业街商铺,否,"餐饮美食,休闲娱乐,生活服务,美容美发,家居建材,服饰鞋包,百货超市",光明地铁临街铺 央企中粮打造70产权现铺，单价2万8,140万,https://sz.shop.fang.com/shou/3_221429040.html,毛坯
5.10米,第1层(共4层),,50㎡,11.00米,"宝安,西乡",碧海片区（宝安大道与西乡大道交汇处）,中粮鸿云商铺,4.00米,2019/9/3 12:17:36,0.00元/㎡·月,住宅底商,是,百货超市,光明区 地铁沿线 纯一手央企开发 确认过眼神，这个铺是你想要,149万,https://sz.shop.fang.com/shou/3_221406795.html,简装修
6.00米,第1层(共2层),"网络,暖气,停车位,客梯,货梯,扶梯,中央空调,上水,下水,可明火,排烟,排污,燃气,外摆区",40㎡,11.00米,"东莞,樟木头",先威路,奥园城市天地,4.00米,2019/7/5 14:42:30,25.00元/㎡·月,住宅底商,否,"百货超市,酒店宾馆,家居建材,服饰鞋包,生活服务,美容美发,餐饮美食,休闲娱乐",樟木头中心地标奥园城市天地沿街金铺特价！,142万,https://sz.shop.fang.com/shou/3_219661457.html,毛坯
3.00米,第1层(共2层),货梯,16㎡,4.00米,"罗湖,东门",南塘商业广场10地块永新街1号,南塘商业广场商铺,5.00米,2019/8/31 13:37:54,0.00元/㎡·月,商业街商铺,否,百货超市,东门老街业主急卖125万租金8500元每月,124.8万,https://sz.shop.fang.com/shou/3_221335089.html,简装修
7.00米,第6层(共16层),,73㎡,8.00米,"南山,西丽",创科路与打石二路交汇处,云街,6.00米,2019/8/18 10:25:16,0.00元/㎡·月,住宅底商,是,百货超市,（香港网络地标红盘）亚洲第壹高铁总站新科技总部基地大疆无人机,149.65万,https://sz.shop.fang.com/shou/3_220969515.html,简装修
7.00米,第1层(共3层),,45㎡,8.00米,"宝安,西乡",碧海片区（宝安大道与西乡大道交汇处）,中粮鸿云商铺,6.00米,2019/9/3 19:18:53,0.00元/㎡·月,住宅底商,是,百货超市,（熊猫卖铺） 地铁口临街铺 70年超长收金 回-本12年,120万,https://sz.shop.fang.com/shou/3_221418547.html,简装修
3.00米,第1层(共7层),"网络,暖气,停车位,客梯,货梯,扶梯",21㎡,4.00米,"罗湖,人民南",罗湖火车站广场南路,罗湖商业城,5.00米,2019/8/31 14:04:07,0.00元/㎡·月,商业街商铺,否,百货超市,8.5厘租10500罕见中庭位总价148万,148万,https://sz.shop.fang.com/shou/3_221335688.html,简装修
,第1层(共1层),"网络,暖气,停车位,客梯,货梯,扶梯,燃气",10㎡,3.00米,"罗湖,东门",5.00米,深圳市罗湖区二横街85号,4.00米,2019/8/25 20:28:08,35.00元/㎡·月,住宅底商,否,宝华楼(东门),东门步行街宝华楼！6厘租约！红本在手！120万总价急抛,120万,https://sz.shop.fang.com/shou/3_221184945.html,简装修
7.00米,第2层(共2层),"上水,下水",27㎡,8.00米,"宝安,西乡",深圳宝安区107国道与西乡大道交汇处,天谷大楼,6.00米,2019/8/20 11:01:15,3.00元/㎡·月,住宅底商,是,"生活服务,餐饮美食",宝安 新项目 天谷大楼 首付120万带精装修1房,122万,https://sz.shop.fang.com/shou/3_221027382.html,精装修
3.00米,23㎡,"客梯,货梯,扶梯",25㎡,4.00米,"龙华新区,观澜",深业泰然观澜玫瑰苑,观澜玫瑰苑,5.00米,2019/8/17 11:28:39,0.00元/㎡·月,毛坯,住宅底商,否,观澜中.心一手街铺，堤铁口+有轨电车+商城+银行=50萬人流,150万,https://sz.shop.fang.com/shou/3_220945947.html,第1层(共3层)
4.30米,第11层(共29层),"网络,暖气,停车位,客梯,货梯,扶梯,中央空调",78㎡,12.00米,"龙岗,平湖",平湖华南城,平湖地标,6.00米,2019/8/22 10:14:03,19.00元/㎡·月,写字楼配套底商,否,休闲娱乐,平湖地标，写字楼，品牌配置，一手现楼交付，单价16500,128万,https://sz.shop.fang.com/shou/3_221082586.html,毛坯
5.50米,第1层(共2层),"网络,暖气,停车位,客梯,扶梯,中央空调,上水,下水,排烟,排污,燃气",50㎡,10.00米,"光明区,光明",深圳市光明新区公明街道松白路与金安路交汇处中粮云景,中粮云景国际中粮云景花园南区,5.00米,2019/8/29 16:26:28,0.00元/㎡·月,住宅底商,否,百货超市,比住宅价格还要低的 纯地铁口 70年产权现铺 带稳定租约,140万,https://sz.shop.fang.com/shou/3_221286205.html,毛坯
,第1层(共1层),,50㎡,5.50米,"龙岗,龙岗中心城",5.00米,黄阁南路与深惠路交汇处北角（台中工业区西200米）,10.00米,2019/9/3 15:59:01,0.00元/㎡·月,其他,否,星河时代花园商铺,70年产权街铺每平租160元电影院，华润超市入驻,148万,https://sz.shop.fang.com/shou/3_221413132.html,简装修
